acl	2.3.1-1
adduser	3.118ubuntu5
adwaita-icon-theme	41.0-1ubuntu1
apparmor	3.0.4-2ubuntu2.5
apport	2.20.11-0ubuntu82.10
apport-symptoms	0.24
apt	2.4.14
apt-utils	2.4.14
at-spi2-core	2.44.0-3
autoconf	2.71-2
automake	1:1.16.5-1.3
autotools-dev	20220109.1
base-files	12ubuntu4.7
base-passwd	3.5.52build1
bash	5.1-6ubuntu1.1
bash-completion	1:2.11-5ubuntu1
bc	1.07.1-3build1
bind9-dnsutils	1:9.18.39-0ubuntu0.22.04.6
bind9-host	1:9.18.39-0ubuntu0.22.04.6
bind9-libs:amd64	1:9.18.39-0ubuntu0.22.04.6
binutils	2.38-4ubuntu2.12
binutils-common:amd64	2.38-4ubuntu2.12
binutils-x86-64-linux-gnu	2.38-4ubuntu2.12
blt	2.5.3+dfsg-4.1build2
bsdextrautils	2.37.2-4ubuntu3.6
bsdutils	1:2.37.2-4ubuntu3.6
build-essential	12.9ubuntu3
busybox-static	1:1.30.1-7ubuntu3.1
byobu	5.133-1
bzip2	1.0.8-5ubuntu0.1
ca-certificates	20260601~22.04.1
ca-certificates-java	20190909ubuntu1.3
catch2	2.13.8-1
cloud-guest-utils	0.32-22-g45fe84a5-0ubuntu1
cloud-init	26.1-0ubuntu1~22.04.1
cmake	3.22.1-1ubuntu1.22.04.2
cmake-data	3.22.1-1ubuntu1.22.04.2
comerr-dev:amd64	2.1-1.46.5-2ubuntu1.2
command-not-found	22.04.0
console-setup	1.205ubuntu3
console-setup-linux	1.205ubuntu3
coreutils	8.32-4.1ubuntu1.4
cpio	2.13+dfsg-7ubuntu0.2
cpp	4:11.2.0-1ubuntu1
cpp-11	11.4.0-1ubuntu1~22.04.3
cppcheck	2.7-1
cron	3.0pl1-137ubuntu3
curl	7.81.0-1ubuntu1.29
dash	0.5.11+git20210903+057cd650a4ed-3build1
dbus	1.12.20-2ubuntu4.1
dbus-x11	1.12.20-2ubuntu4.1
dconf-gsettings-backend:amd64	0.40.0-3ubuntu0.1
dconf-service	0.40.0-3ubuntu0.1
debconf	1.5.79ubuntu1
debconf-i18n	1.5.79ubuntu1
debianutils	5.5-1ubuntu2
default-jdk	2:1.11-72build2
default-jdk-headless	2:1.11-72build2
default-jre	2:1.11-72build2
default-jre-headless	2:1.11-72build2
default-libmysqlclient-dev:amd64	1.0.8
dh-elpa-helper	2.0.9ubuntu1
diffutils	1:3.8-0ubuntu2.1
dirmngr	2.2.27-3ubuntu2.5
distro-info	1.1ubuntu0.2
distro-info-data	0.72-0ubuntu0.22.04.1
dmidecode	3.3-3ubuntu0.2
dmsetup	2:1.02.175-2.1ubuntu5
docutils-common	0.17.1+dfsg-2
dosfstools	4.2-1build3
dpkg	1.21.1ubuntu2.6
dpkg-dev	1.21.1ubuntu2.6
e2fsprogs	1.46.5-2ubuntu1.2
eatmydata	130-2build1
ed	1.18-1
eject	2.37.2-4ubuntu3.6
emacsen-common	3.0.4
fdisk	2.37.2-4ubuntu3.6
ffmpeg	7:4.4.2-0ubuntu0.22.04.1
file	1:5.41-3ubuntu0.1
findutils	4.8.0-1ubuntu3
fontconfig	2.13.1-4.2ubuntu5
fontconfig-config	2.13.1-4.2ubuntu5
fonts-dejavu-core	2.37-2build1
fonts-lyx	2.3.6-1
fonts-ubuntu	0.83-6ubuntu1
friendly-recovery	0.2.42
ftp	20210827-4build1
fuse3	3.10.5-1build1
g++	4:11.2.0-1ubuntu1
g++-11	11.4.0-1ubuntu1~22.04.3
gawk	1:5.1.0-1ubuntu0.2
gcc	4:11.2.0-1ubuntu1
gcc-11	11.4.0-1ubuntu1~22.04.3
gcc-11-base:amd64	11.4.0-1ubuntu1~22.04.3
gcc-12-base:amd64	12.3.0-1ubuntu1~22.04.3
gdal-data	3.4.1+dfsg-1build4
gdisk	1.0.8-4build1
gettext-base	0.21-4ubuntu4
gfortran-11	11.4.0-1ubuntu1~22.04.3
gir1.2-glib-2.0:amd64	1.72.0-1
gir1.2-ibus-1.0:amd64	1.5.26-4
gir1.2-packagekitglib-1.0	1.2.5-2ubuntu3.1
git	1:2.34.1-1ubuntu1.17
git-man	1:2.34.1-1ubuntu1.17
gnupg	2.2.27-3ubuntu2.5
gnupg-l10n	2.2.27-3ubuntu2.5
gnupg-utils	2.2.27-3ubuntu2.5
google-mock:amd64	1.11.0-3
googletest	1.11.0-3
gpg	2.2.27-3ubuntu2.5
gpg-agent	2.2.27-3ubuntu2.5
gpg-wks-client	2.2.27-3ubuntu2.5
gpg-wks-server	2.2.27-3ubuntu2.5
gpgconf	2.2.27-3ubuntu2.5
gpgsm	2.2.27-3ubuntu2.5
gpgv	2.2.27-3ubuntu2.5
graphicsmagick-libmagick-dev-compat	1.4+really1.3.38-1ubuntu0.1
graphviz	2.42.2-6ubuntu0.1
grep	3.7-1build1
groff-base	1.22.4-8build1
gsettings-desktop-schemas	42.0-1ubuntu1
gtk-update-icon-cache	3.24.33-1ubuntu2.2
gzip	1.10-4ubuntu4.2
hdf5-helpers	1.10.7+repack-4ubuntu2
hdparm	9.60+ds-1build3
hicolor-icon-theme	0.17-2
hostname	3.23ubuntu2
htop	3.0.5-7build2
humanity-icon-theme	0.6.16
ibverbs-providers:amd64	39.0-1
icu-devtools	70.1-2
info	6.8-4build1
init	1.62
init-system-helpers	1.62
install-info	6.8-4build1
iproute2	5.15.0-1ubuntu2.2
iptables	1.8.7-1ubuntu5.2
iputils-ping	3:20211215-1ubuntu0.1
iputils-tracepath	3:20211215-1ubuntu0.1
irqbalance	1.8.0-1ubuntu0.2
isc-dhcp-client	4.4.1-2.3ubuntu2.4
isc-dhcp-common	4.4.1-2.3ubuntu2.4
iso-codes	4.9.0-1
java-common	0.72build2
jq	1.6-2.1ubuntu3.2
kbd	2.3.0-3ubuntu4.22.04
keyboard-configuration	1.205ubuntu3
kmod	29-1ubuntu1.1
krb5-multidev:amd64	1.19.2-2ubuntu0.10
landscape-client	23.02-0ubuntu1~22.04.7
landscape-common	23.02-0ubuntu1~22.04.7
less	590-1ubuntu0.22.04.3
libacl1:amd64	2.3.1-1
libacl1-dev:amd64	2.3.1-1
libaec-dev:amd64	1.0.6-1
libaec0:amd64	1.0.6-1
libamd2:amd64	1:5.10.1+dfsg-4build1
libann0	1.1.2+doc-7build1
libaom-dev:amd64	3.3.0-1ubuntu0.1
libaom3:amd64	3.3.0-1ubuntu0.1
libapparmor1:amd64	3.0.4-2ubuntu2.5
libappstream4:amd64	0.15.2-2
libapt-pkg6.0:amd64	2.4.14
libarchive13:amd64	3.6.0-1ubuntu1.8
libargon2-1:amd64	0~20171227-0.3
libarmadillo-dev	1:10.8.2+dfsg-1
libarmadillo10	1:10.8.2+dfsg-1
libarpack2:amd64	3.8.0-1
libarpack2-dev:amd64	3.8.0-1
libasan6:amd64	11.4.0-1ubuntu1~22.04.3
libasound2:amd64	1.2.6.1-1ubuntu1.2
libasound2-data	1.2.6.1-1ubuntu1.2
libasound2-dev:amd64	1.2.6.1-1ubuntu1.2
libass9:amd64	1:0.15.2-1
libassimp-dev:amd64	5.2.2~ds0-1
libassimp5:amd64	5.2.2~ds0-1
libassuan0:amd64	2.5.5-1build1
libasyncns0:amd64	0.8-6build2
libatk-bridge2.0-0:amd64	2.38.0-3
libatk1.0-0:amd64	2.36.0-3build1
libatk1.0-data	2.36.0-3build1
libatm1:amd64	1:2.5.1-4build2
libatomic1:amd64	12.3.0-1ubuntu1~22.04.3
libatspi2.0-0:amd64	2.44.0-3
libattr1:amd64	1:2.5.1-1ubuntu0.1
libattr1-dev:amd64	1:2.5.1-1ubuntu0.1
libaudit-common	1:3.0.7-1ubuntu0.1
libaudit1:amd64	1:3.0.7-1ubuntu0.1
libavahi-client3:amd64	0.8-5ubuntu5.5
libavahi-common-data:amd64	0.8-5ubuntu5.5
libavahi-common3:amd64	0.8-5ubuntu5.5
libavc1394-0:amd64	0.5.4-5build2
libavcodec-dev:amd64	7:4.4.2-0ubuntu0.22.04.1
libavcodec58:amd64	7:4.4.2-0ubuntu0.22.04.1
libavdevice58:amd64	7:4.4.2-0ubuntu0.22.04.1
libavfilter7:amd64	7:4.4.2-0ubuntu0.22.04.1
libavformat-dev:amd64	7:4.4.2-0ubuntu0.22.04.1
libavformat58:amd64	7:4.4.2-0ubuntu0.22.04.1
libavutil-dev:amd64	7:4.4.2-0ubuntu0.22.04.1
libavutil56:amd64	7:4.4.2-0ubuntu0.22.04.1
libbenchmark-dev:amd64	1.6.1-1
libbenchmark1:amd64	1.6.1-1
libbinutils:amd64	2.38-4ubuntu2.12
libblas-dev:amd64	3.10.0-2ubuntu1
libblas3:amd64	3.10.0-2ubuntu1
libblkid-dev:amd64	2.37.2-4ubuntu3.6
libblkid1:amd64	2.37.2-4ubuntu3.6
libblosc-dev	1.21.1+ds2-2
libblosc1:amd64	1.21.1+ds2-2
libbluray2:amd64	1:1.3.1-1
libboost-all-dev	1.74.0.3ubuntu7
libboost-atomic-dev:amd64	1.74.0.3ubuntu7
libboost-atomic1.74-dev:amd64	1.74.0-14ubuntu3
libboost-atomic1.74.0:amd64	1.74.0-14ubuntu3
libboost-chrono-dev:amd64	1.74.0.3ubuntu7
libboost-chrono1.74-dev:amd64	1.74.0-14ubuntu3
libboost-chrono1.74.0:amd64	1.74.0-14ubuntu3
libboost-container-dev:amd64	1.74.0.3ubuntu7
libboost-container1.74-dev:amd64	1.74.0-14ubuntu3
libboost-container1.74.0:amd64	1.74.0-14ubuntu3
libboost-context-dev:amd64	1.74.0.3ubuntu7
libboost-context1.74-dev:amd64	1.74.0-14ubuntu3
libboost-context1.74.0:amd64	1.74.0-14ubuntu3
libboost-coroutine-dev:amd64	1.74.0.3ubuntu7
libboost-coroutine1.74-dev:amd64	1.74.0-14ubuntu3
libboost-coroutine1.74.0:amd64	1.74.0-14ubuntu3
libboost-date-time-dev:amd64	1.74.0.3ubuntu7
libboost-date-time1.74-dev:amd64	1.74.0-14ubuntu3
libboost-date-time1.74.0:amd64	1.74.0-14ubuntu3
libboost-dev:amd64	1.74.0.3ubuntu7
libboost-exception-dev:amd64	1.74.0.3ubuntu7
libboost-exception1.74-dev:amd64	1.74.0-14ubuntu3
libboost-fiber-dev:amd64	1.74.0.3ubuntu7
libboost-fiber1.74-dev:amd64	1.74.0-14ubuntu3
libboost-fiber1.74.0:amd64	1.74.0-14ubuntu3
libboost-filesystem-dev:amd64	1.74.0.3ubuntu7
libboost-filesystem1.74-dev:amd64	1.74.0-14ubuntu3
libboost-filesystem1.74.0:amd64	1.74.0-14ubuntu3
libboost-graph-dev:amd64	1.74.0.3ubuntu7
libboost-graph-parallel-dev	1.74.0.3ubuntu7
libboost-graph-parallel1.74-dev	1.74.0-14ubuntu3
libboost-graph-parallel1.74.0	1.74.0-14ubuntu3
libboost-graph1.74-dev:amd64	1.74.0-14ubuntu3
libboost-graph1.74.0:amd64	1.74.0-14ubuntu3
libboost-iostreams-dev:amd64	1.74.0.3ubuntu7
libboost-iostreams1.74-dev:amd64	1.74.0-14ubuntu3
libboost-iostreams1.74.0:amd64	1.74.0-14ubuntu3
libboost-locale-dev:amd64	1.74.0.3ubuntu7
libboost-locale1.74-dev:amd64	1.74.0-14ubuntu3
libboost-locale1.74.0:amd64	1.74.0-14ubuntu3
libboost-log-dev	1.74.0.3ubuntu7
libboost-log1.74-dev	1.74.0-14ubuntu3
libboost-log1.74.0	1.74.0-14ubuntu3
libboost-math-dev:amd64	1.74.0.3ubuntu7
libboost-math1.74-dev:amd64	1.74.0-14ubuntu3
libboost-math1.74.0:amd64	1.74.0-14ubuntu3
libboost-mpi-dev	1.74.0.3ubuntu7
libboost-mpi-python-dev	1.74.0.3ubuntu7
libboost-mpi-python1.74-dev	1.74.0-14ubuntu3
libboost-mpi-python1.74.0	1.74.0-14ubuntu3
libboost-mpi1.74-dev	1.74.0-14ubuntu3
libboost-mpi1.74.0	1.74.0-14ubuntu3
libboost-nowide-dev	1.74.0.3ubuntu7
libboost-nowide1.74-dev	1.74.0-14ubuntu3
libboost-nowide1.74.0	1.74.0-14ubuntu3
libboost-numpy-dev	1.74.0.3ubuntu7
libboost-numpy1.74-dev	1.74.0-14ubuntu3
libboost-numpy1.74.0	1.74.0-14ubuntu3
libboost-program-options-dev:amd64	1.74.0.3ubuntu7
libboost-program-options1.74-dev:amd64	1.74.0-14ubuntu3
libboost-program-options1.74.0:amd64	1.74.0-14ubuntu3
libboost-python-dev	1.74.0.3ubuntu7
libboost-python1.74-dev	1.74.0-14ubuntu3
libboost-python1.74.0	1.74.0-14ubuntu3
libboost-random-dev:amd64	1.74.0.3ubuntu7
libboost-random1.74-dev:amd64	1.74.0-14ubuntu3
libboost-random1.74.0:amd64	1.74.0-14ubuntu3
libboost-regex-dev:amd64	1.74.0.3ubuntu7
libboost-regex1.74-dev:amd64	1.74.0-14ubuntu3
libboost-regex1.74.0:amd64	1.74.0-14ubuntu3
libboost-serialization-dev:amd64	1.74.0.3ubuntu7
libboost-serialization1.74-dev:amd64	1.74.0-14ubuntu3
libboost-serialization1.74.0:amd64	1.74.0-14ubuntu3
libboost-stacktrace-dev:amd64	1.74.0.3ubuntu7
libboost-stacktrace1.74-dev:amd64	1.74.0-14ubuntu3
libboost-stacktrace1.74.0:amd64	1.74.0-14ubuntu3
libboost-system-dev:amd64	1.74.0.3ubuntu7
libboost-system1.74-dev:amd64	1.74.0-14ubuntu3
libboost-system1.74.0:amd64	1.74.0-14ubuntu3
libboost-test-dev:amd64	1.74.0.3ubuntu7
libboost-test1.74-dev:amd64	1.74.0-14ubuntu3
libboost-test1.74.0:amd64	1.74.0-14ubuntu3
libboost-thread-dev:amd64	1.74.0.3ubuntu7
libboost-thread1.74-dev:amd64	1.74.0-14ubuntu3
libboost-thread1.74.0:amd64	1.74.0-14ubuntu3
libboost-timer-dev:amd64	1.74.0.3ubuntu7
libboost-timer1.74-dev:amd64	1.74.0-14ubuntu3
libboost-timer1.74.0:amd64	1.74.0-14ubuntu3
libboost-tools-dev	1.74.0.3ubuntu7
libboost-type-erasure-dev:amd64	1.74.0.3ubuntu7
libboost-type-erasure1.74-dev:amd64	1.74.0-14ubuntu3
libboost-type-erasure1.74.0:amd64	1.74.0-14ubuntu3
libboost-wave-dev:amd64	1.74.0.3ubuntu7
libboost-wave1.74-dev:amd64	1.74.0-14ubuntu3
libboost-wave1.74.0:amd64	1.74.0-14ubuntu3
libboost1.74-dev:amd64	1.74.0-14ubuntu3
libboost1.74-tools-dev	1.74.0-14ubuntu3
libbpf0:amd64	1:0.5.0-1ubuntu22.04.1
libbrotli-dev:amd64	1.0.9-2build6
libbrotli1:amd64	1.0.9-2build6
libbs2b0:amd64	3.1.0+dfsg-2.2build1
libbsd-dev:amd64	0.11.5-1
libbsd0:amd64	0.11.5-1
libbtf1:amd64	1:5.10.1+dfsg-4build1
libbullet-dev:amd64	3.06+dfsg-4build2
libbullet3.06:amd64	3.06+dfsg-4build2
libbz2-1.0:amd64	1.0.8-5ubuntu0.1
libbz2-dev:amd64	1.0.8-5ubuntu0.1
libc-bin	2.35-0ubuntu3.15
libc-dev-bin	2.35-0ubuntu3.15
libc6:amd64	2.35-0ubuntu3.15
libc6-dev:amd64	2.35-0ubuntu3.15
libcaca0:amd64	0.99.beta19-2.2ubuntu4.2
libcairo-gobject2:amd64	1.16.0-5ubuntu2.1
libcairo2:amd64	1.16.0-5ubuntu2.1
libcamd2:amd64	1:5.10.1+dfsg-4build1
libcap-ng0:amd64	0.7.9-2.2build3
libcap2:amd64	1:2.44-1ubuntu0.22.04.3
libcap2-bin	1:2.44-1ubuntu0.22.04.3
libcbor0.8:amd64	0.8.0-2ubuntu1
libcc1-0:amd64	12.3.0-1ubuntu1~22.04.3
libccolamd2:amd64	1:5.10.1+dfsg-4build1
libcdio-cdda2:amd64	10.2+2.0.0-1build3
libcdio-paranoia2:amd64	10.2+2.0.0-1build3
libcdio19:amd64	2.1.0-3ubuntu0.2
libcdt5:amd64	2.42.2-6ubuntu0.1
libceres-dev	2.0.0+dfsg1-5
libceres2	2.0.0+dfsg1-5
libcfitsio-dev:amd64	4.0.0-1
libcfitsio9:amd64	4.0.0-1
libcgraph6:amd64	2.42.2-6ubuntu0.1
libcharls-dev:amd64	2.3.4-1
libcharls2:amd64	2.3.4-1
libcholmod3:amd64	1:5.10.1+dfsg-4build1
libchromaprint1:amd64	1.5.1-2
libclang1-14	1:14.0.0-1ubuntu1.1
libcodec2-1.0:amd64	1.0.1-3
libcolamd2:amd64	1:5.10.1+dfsg-4build1
libcolord2:amd64	1.4.6-1
libcom-err2:amd64	1.46.5-2ubuntu1.2
libconsole-bridge-dev:amd64	1.0.1+dfsg2-3
libconsole-bridge1.0:amd64	1.0.1+dfsg2-3
libcrypt-dev:amd64	1:4.4.27-1
libcrypt1:amd64	1:4.4.27-1
libcryptsetup12:amd64	2:2.4.3-1ubuntu1.3
libctf-nobfd0:amd64	2.38-4ubuntu2.12
libctf0:amd64	2.38-4ubuntu2.12
libcups2:amd64	2.4.1op1-1ubuntu4.21
libcurl3-gnutls:amd64	7.81.0-1ubuntu1.29
libcurl4:amd64	7.81.0-1ubuntu1.29
libcurl4-openssl-dev:amd64	7.81.0-1ubuntu1.29
libcxsparse3:amd64	1:5.10.1+dfsg-4build1
libdatrie1:amd64	0.2.13-2
libdav1d-dev:amd64	0.9.2-1
libdav1d5:amd64	0.9.2-1
libdb5.3:amd64	5.3.28+dfsg1-0.8ubuntu3
libdbus-1-3:amd64	1.12.20-2ubuntu4.1
libdbus-1-dev:amd64	1.12.20-2ubuntu4.1
libdc1394-25:amd64	2.2.6-4
libdc1394-dev:amd64	2.2.6-4
libdconf1:amd64	0.40.0-3ubuntu0.1
libde265-0:amd64	1.0.8-1ubuntu0.3
libde265-dev:amd64	1.0.8-1ubuntu0.3
libdebconfclient0:amd64	0.261ubuntu1
libdecor-0-0:amd64	0.1.0-3build1
libdecor-0-dev:amd64	0.1.0-3build1
libdeflate-dev:amd64	1.10-2
libdeflate0:amd64	1.10-2
libdevmapper1.02.1:amd64	2:1.02.175-2.1ubuntu5
libdns-export1110	1:9.11.19+dfsg-2.1ubuntu3
libdouble-conversion-dev:amd64	3.1.7-4
libdouble-conversion3:amd64	3.1.7-4
libdpkg-perl	1.21.1ubuntu2.6
libdraco-dev:amd64	1.5.2+dfsg-2
libdraco4:amd64	1.5.2+dfsg-2
libdrm-amdgpu1:amd64	2.4.113-2~ubuntu0.22.04.1
libdrm-common	2.4.113-2~ubuntu0.22.04.1
libdrm-dev:amd64	2.4.113-2~ubuntu0.22.04.1
libdrm-intel1:amd64	2.4.113-2~ubuntu0.22.04.1
libdrm-nouveau2:amd64	2.4.113-2~ubuntu0.22.04.1
libdrm-radeon1:amd64	2.4.113-2~ubuntu0.22.04.1
libdrm2:amd64	2.4.113-2~ubuntu0.22.04.1
libdw1:amd64	0.186-1ubuntu0.1
libeatmydata1:amd64	130-2build1
libedit2:amd64	3.1-20210910-1build1
libegl-dev:amd64	1.4.0-1
libegl-mesa0:amd64	23.2.1-1ubuntu3.1~22.04.4
libegl1:amd64	1.4.0-1
libegl1-mesa-dev:amd64	23.2.1-1ubuntu3.1~22.04.4
libeigen3-dev	3.4.0-2ubuntu2
libelf1:amd64	0.186-1ubuntu0.1
libepoxy0:amd64	1.5.10-1
liberror-perl	0.17029-1
libestr0:amd64	0.1.10-2.1build3
libevdev2:amd64	1.12.1+dfsg-1
libevent-2.1-7:amd64	2.1.12-stable-1ubuntu0.1
libevent-core-2.1-7:amd64	2.1.12-stable-1ubuntu0.1
libevent-dev	2.1.12-stable-1ubuntu0.1
libevent-extra-2.1-7:amd64	2.1.12-stable-1ubuntu0.1
libevent-openssl-2.1-7:amd64	2.1.12-stable-1ubuntu0.1
libevent-pthreads-2.1-7:amd64	2.1.12-stable-1ubuntu0.1
libexif-dev:amd64	0.6.24-1ubuntu0.22.04.1
libexif12:amd64	0.6.24-1ubuntu0.22.04.1
libexpat1:amd64	2.4.7-1ubuntu0.9
libexpat1-dev:amd64	2.4.7-1ubuntu0.9
libext2fs2:amd64	1.46.5-2ubuntu1.2
libfabric1:amd64	1.11.0-3
libfastjson4:amd64	0.99.9-1build2
libfdisk1:amd64	2.37.2-4ubuntu3.6
libffi-dev:amd64	3.4.2-4
libffi8:amd64	3.4.2-4
libfido2-1:amd64	1.10.0-1
libflac8:amd64	1.3.3-2ubuntu0.2
libflann-dev:amd64	1.9.1+dfsg-11
libflann1.9:amd64	1.9.1+dfsg-11
libflite1:amd64	2.2-3
libfmt-dev:amd64	8.1.1+ds1-2
libfmt8:amd64	8.1.1+ds1-2
libfontconfig-dev:amd64	2.13.1-4.2ubuntu5
libfontconfig1:amd64	2.13.1-4.2ubuntu5
libfontconfig1-dev:amd64	2.13.1-4.2ubuntu5
libfontenc1:amd64	1:1.1.4-1build3
libfreetype-dev:amd64	2.11.1+dfsg-1ubuntu0.3
libfreetype6:amd64	2.11.1+dfsg-1ubuntu0.3
libfreetype6-dev:amd64	2.11.1+dfsg-1ubuntu0.3
libfreexl-dev:amd64	1.0.6-1
libfreexl1:amd64	1.0.6-1
libfribidi0:amd64	1.0.8-2ubuntu3.1
libfuse3-3:amd64	3.10.5-1build1
libfyba-dev:amd64	4.1.1-7
libfyba0:amd64	4.1.1-7
libgbm-dev:amd64	23.2.1-1ubuntu3.1~22.04.4
libgbm1:amd64	23.2.1-1ubuntu3.1~22.04.4
libgcc-11-dev:amd64	11.4.0-1ubuntu1~22.04.3
libgcc-s1:amd64	12.3.0-1ubuntu1~22.04.3
libgcrypt20:amd64	1.9.4-3ubuntu3.3
libgd3:amd64	2.3.0-2ubuntu2.3
libgdal-dev	3.4.1+dfsg-1build4
libgdal30	3.4.1+dfsg-1build4
libgdbm-compat4:amd64	1.23-1
libgdbm6:amd64	1.23-1
libgdcm-dev	3.0.10-1build2
libgdcm3.0:amd64	3.0.10-1build2
libgdk-pixbuf-2.0-0:amd64	2.42.8+dfsg-1ubuntu0.5
libgdk-pixbuf2.0-bin	2.42.8+dfsg-1ubuntu0.5
libgdk-pixbuf2.0-common	2.42.8+dfsg-1ubuntu0.5
libgeos-c1v5:amd64	3.10.2-1
libgeos-dev	3.10.2-1
libgeos3.10.2:amd64	3.10.2-1
libgeotiff-dev:amd64	1.7.0-2build1
libgeotiff5:amd64	1.7.0-2build1
libgflags-dev	2.2.2-2
libgflags2.2	2.2.2-2
libgfortran-11-dev:amd64	11.4.0-1ubuntu1~22.04.3
libgfortran5:amd64	12.3.0-1ubuntu1~22.04.3
libgif-dev	5.1.9-2ubuntu0.3
libgif7:amd64	5.1.9-2ubuntu0.3
libgirepository-1.0-1:amd64	1.72.0-1
libgl-dev:amd64	1.4.0-1
libgl1:amd64	1.4.0-1
libgl1-amber-dri:amd64	21.3.9-0ubuntu1~22.04.2
libgl1-mesa-dev:amd64	23.2.1-1ubuntu3.1~22.04.4
libgl1-mesa-dri:amd64	23.2.1-1ubuntu3.1~22.04.4
libgl2ps-dev	1.4.2+dfsg1-2
libgl2ps1.4	1.4.2+dfsg1-2
libglapi-mesa:amd64	23.2.1-1ubuntu3.1~22.04.4
libgles-dev:amd64	1.4.0-1
libgles1:amd64	1.4.0-1
libgles2:amd64	1.4.0-1
libglew-dev:amd64	2.2.0-4
libglew2.2:amd64	2.2.0-4
libglfw3:amd64	3.3.6-1
libglfw3-dev:amd64	3.3.6-1
libglib2.0-0:amd64	2.72.4-0ubuntu2.10
libglib2.0-bin	2.72.4-0ubuntu2.10
libglib2.0-data	2.72.4-0ubuntu2.10
libglib2.0-dev:amd64	2.72.4-0ubuntu2.10
libglib2.0-dev-bin	2.72.4-0ubuntu2.10
libglu1-mesa:amd64	9.0.2-1
libglu1-mesa-dev:amd64	9.0.2-1
libglvnd-core-dev:amd64	1.4.0-1
libglvnd-dev:amd64	1.4.0-1
libglvnd0:amd64	1.4.0-1
libglx-dev:amd64	1.4.0-1
libglx-mesa0:amd64	23.2.1-1ubuntu3.1~22.04.4
libglx0:amd64	1.4.0-1
libgme0:amd64	0.6.3-2
libgmp10:amd64	2:6.2.1+dfsg-3ubuntu1
libgnutls30:amd64	3.7.3-4ubuntu1.9
libgomp1:amd64	12.3.0-1ubuntu1~22.04.3
libgoogle-glog-dev	0.5.0+really0.4.0-2
libgoogle-glog0v5	0.5.0+really0.4.0-2
libgpg-error0:amd64	1.43-3
libgphoto2-6:amd64	2.5.27-1ubuntu0.1
libgphoto2-dev:amd64	2.5.27-1ubuntu0.1
libgphoto2-port12:amd64	2.5.27-1ubuntu0.1
libgpm2:amd64	1.20.7-10build1
libgraphics-magick-perl	1.4+really1.3.38-1ubuntu0.1
libgraphicsmagick++-q16-12	1.4+really1.3.38-1ubuntu0.1
libgraphicsmagick++1-dev	1.4+really1.3.38-1ubuntu0.1
libgraphicsmagick-q16-3	1.4+really1.3.38-1ubuntu0.1
libgraphicsmagick1-dev	1.4+really1.3.38-1ubuntu0.1
libgraphite2-3:amd64	1.3.14-1ubuntu0.1
libgsm1:amd64	1.0.19-1
libgssapi-krb5-2:amd64	1.19.2-2ubuntu0.10
libgssrpc4:amd64	1.19.2-2ubuntu0.10
libgstreamer-plugins-base1.0-0:amd64	1.20.1-1ubuntu0.7
libgstreamer1.0-0:amd64	1.20.3-0ubuntu1.1
libgtest-dev:amd64	1.11.0-3
libgtk-3-0:amd64	3.24.33-1ubuntu2.2
libgtk-3-bin	3.24.33-1ubuntu2.2
libgtk-3-common	3.24.33-1ubuntu2.2
libgts-0.7-5:amd64	0.7.6+darcs121130-5
libgudev-1.0-0:amd64	1:237-2build1
libgvc6	2.42.2-6ubuntu0.1
libgvpr2:amd64	2.42.2-6ubuntu0.1
libharfbuzz0b:amd64	2.7.4-1ubuntu3.2
libhdf4-0-alt	4.2.15-4
libhdf4-alt-dev	4.2.15-4
libhdf5-103-1:amd64	1.10.7+repack-4ubuntu2
libhdf5-cpp-103-1:amd64	1.10.7+repack-4ubuntu2
libhdf5-dev	1.10.7+repack-4ubuntu2
libhdf5-fortran-102:amd64	1.10.7+repack-4ubuntu2
libhdf5-hl-100:amd64	1.10.7+repack-4ubuntu2
libhdf5-hl-cpp-100:amd64	1.10.7+repack-4ubuntu2
libhdf5-hl-fortran-100:amd64	1.10.7+repack-4ubuntu2
libhdf5-mpi-dev	1.10.7+repack-4ubuntu2
libhdf5-openmpi-103-1:amd64	1.10.7+repack-4ubuntu2
libhdf5-openmpi-cpp-103-1:amd64	1.10.7+repack-4ubuntu2
libhdf5-openmpi-dev	1.10.7+repack-4ubuntu2
libhdf5-openmpi-fortran-102:amd64	1.10.7+repack-4ubuntu2
libhdf5-openmpi-hl-100:amd64	1.10.7+repack-4ubuntu2
libhdf5-openmpi-hl-cpp-100:amd64	1.10.7+repack-4ubuntu2
libhdf5-openmpi-hl-fortran-100:amd64	1.10.7+repack-4ubuntu2
libheif-dev:amd64	1.12.0-2build1
libheif1:amd64	1.12.0-2build1
libhogweed6:amd64	3.7.3-1build2
libhwloc-dev:amd64	2.7.0-2ubuntu1
libhwloc-plugins:amd64	2.7.0-2ubuntu1
libhwloc15:amd64	2.7.0-2ubuntu1
libhyphen0:amd64	2.8.8-7build2
libibus-1.0-5:amd64	1.5.26-4
libibus-1.0-dev:amd64	1.5.26-4
libibverbs-dev:amd64	39.0-1
libibverbs1:amd64	39.0-1
libice-dev:amd64	2:1.0.10-1build2
libice6:amd64	2:1.0.10-1build2
libicu-dev:amd64	70.1-2
libicu70:amd64	70.1-2
libidn2-0:amd64	2.3.2-2build1
libiec61883-0:amd64	1.2.0-4build3
libignition-cmake2-dev:amd64	2.19.0-1~jammy
libignition-math6:amd64	6.16.0-1~jammy
libignition-math6-dev:amd64	6.16.0-1~jammy
libilmbase-dev:amd64	2.5.7-2
libilmbase25:amd64	2.5.7-2
libimagequant0:amd64	2.17.0-1
libinput-bin	1.20.0-1ubuntu0.4
libinput10:amd64	1.20.0-1ubuntu0.4
libip4tc2:amd64	1.8.7-1ubuntu5.2
libip6tc2:amd64	1.8.7-1ubuntu5.2
libisc-export1105:amd64	1:9.11.19+dfsg-2.1ubuntu3
libisl23:amd64	0.24-2build1
libitm1:amd64	12.3.0-1ubuntu1~22.04.3
libjack-jackd2-0:amd64	1.9.20~dfsg-1
libjansson4:amd64	2.13.1-1.1build3
libjbig-dev:amd64	2.1-3.1ubuntu0.22.04.1
libjbig0:amd64	2.1-3.1ubuntu0.22.04.1
libjpeg-dev:amd64	8c-2ubuntu10
libjpeg-turbo8:amd64	2.1.2-0ubuntu1
libjpeg-turbo8-dev:amd64	2.1.2-0ubuntu1
libjpeg8:amd64	8c-2ubuntu10
libjpeg8-dev:amd64	8c-2ubuntu10
libjq1:amd64	1.6-2.1ubuntu3.2
libjs-jquery	3.6.0+dfsg+~3.5.13-1
libjs-jquery-ui	1.13.1+dfsg-1
libjs-sphinxdoc	4.3.2-1
libjs-underscore	1.13.2~dfsg-2
libjson-c-dev:amd64	0.15-3~ubuntu1.22.04.2
libjson-c5:amd64	0.15-3~ubuntu1.22.04.2
libjsoncpp-dev:amd64	1.9.5-3
libjsoncpp25:amd64	1.9.5-3
libk5crypto3:amd64	1.19.2-2ubuntu0.10
libkadm5clnt-mit12:amd64	1.19.2-2ubuntu0.10
libkadm5srv-mit12:amd64	1.19.2-2ubuntu0.10
libkdb5-10:amd64	1.19.2-2ubuntu0.10
libkeyutils1:amd64	1.6.1-2ubuntu3
libklu1:amd64	1:5.10.1+dfsg-4build1
libkml-dev:amd64	1.3.0-9
libkmlbase1:amd64	1.3.0-9
libkmlconvenience1:amd64	1.3.0-9
libkmldom1:amd64	1.3.0-9
libkmlengine1:amd64	1.3.0-9
libkmlregionator1:amd64	1.3.0-9
libkmlxsd1:amd64	1.3.0-9
libkmod2:amd64	29-1ubuntu1.1
libkrb5-3:amd64	1.19.2-2ubuntu0.10
libkrb5-dev:amd64	1.19.2-2ubuntu0.10
libkrb5support0:amd64	1.19.2-2ubuntu0.10
libksba8:amd64	1.6.0-2ubuntu0.2
liblab-gamut1:amd64	2.42.2-6ubuntu0.1
liblapack-dev:amd64	3.10.0-2ubuntu1
liblapack3:amd64	3.10.0-2ubuntu1
liblbfgsb0:amd64	3.0+dfsg.3-10
liblcms2-2:amd64	2.12~rc1-2ubuntu0.1
liblcms2-dev:amd64	2.12~rc1-2ubuntu0.1
libldap-2.5-0:amd64	2.5.20+dfsg-0ubuntu0.22.04.1
libldap-common	2.5.20+dfsg-0ubuntu0.22.04.1
libldl2:amd64	1:5.10.1+dfsg-4build1
liblept5:amd64	1.82.0-3build1
liblilv-0-0:amd64	0.24.12-2
libllvm14:amd64	1:14.0.0-1ubuntu1.1
libllvm15:amd64	1:15.0.7-0ubuntu0.22.04.3
liblmdb0:amd64	0.9.24-1build2
liblocale-gettext-perl	1.07-4build3
liblsan0:amd64	12.3.0-1ubuntu1~22.04.3
libltdl-dev:amd64	2.4.6-15build2
libltdl7:amd64	2.4.6-15build2
liblz4-1:amd64	1.9.3-2build2
liblz4-dev:amd64	1.9.3-2build2
liblzma-dev:amd64	5.2.5-2ubuntu1.1
liblzma5:amd64	5.2.5-2ubuntu1.1
liblzo2-2:amd64	2.10-2build3
libmagic-mgc	1:5.41-3ubuntu0.1
libmagic1:amd64	1:5.41-3ubuntu0.1
libmaxminddb0:amd64	1.5.2-1build2
libmd-dev:amd64	1.0.4-1build1
libmd0:amd64	1.0.4-1build1
libmd4c0:amd64	0.4.8-1
libmetis5:amd64	5.1.0.dfsg-7build2
libmfx1:amd64	22.3.0-1
libminizip-dev:amd64	1.1-8build1
libminizip1:amd64	1.1-8build1
libmnl0:amd64	1.0.4-3build2
libmongoose2:amd64	1:5.10.1+dfsg-4build1
libmount-dev:amd64	2.37.2-4ubuntu3.6
libmount1:amd64	2.37.2-4ubuntu3.6
libmp3lame0:amd64	3.100-3build2
libmpc3:amd64	1.2.1-2build1
libmpdec3:amd64	2.5.1-2build2
libmpfr6:amd64	4.1.0-3build3
libmpg123-0:amd64	1.29.3-1ubuntu0.1
libmtdev1:amd64	1.1.6-1build4
libmysofa1:amd64	1.2.1~dfsg0-1
libmysqlclient-dev	8.0.46-0ubuntu0.22.04.4
libmysqlclient21:amd64	8.0.46-0ubuntu0.22.04.4
libnanoflann-dev	1.4.2+ds-1
libncurses-dev:amd64	6.3-2ubuntu0.3
libncurses6:amd64	6.3-2ubuntu0.3
libncursesw6:amd64	6.3-2ubuntu0.3
libnetcdf-c++4	4.2-12build1
libnetcdf-cxx-legacy-dev	4.2-12build1
libnetcdf-dev	1:4.8.1-1
libnetcdf19:amd64	1:4.8.1-1
libnetfilter-conntrack3:amd64	1.0.9-1
libnetplan0:amd64	0.106.1-7ubuntu0.22.04.4
libnettle8:amd64	3.7.3-1build2
libnewt0.52:amd64	0.52.21-5ubuntu2
libnfnetlink0:amd64	1.0.1-3build3
libnftables1:amd64	1.0.2-1ubuntu3.1
libnftnl11:amd64	1.2.1-1build1
libnghttp2-14:amd64	1.43.0-1ubuntu0.4
libnl-3-200:amd64	3.5.0-0.1
libnl-3-dev:amd64	3.5.0-0.1
libnl-genl-3-200:amd64	3.5.0-0.1
libnl-route-3-200:amd64	3.5.0-0.1
libnl-route-3-dev:amd64	3.5.0-0.1
libnorm-dev:amd64	1.5.9+dfsg-2
libnorm1:amd64	1.5.9+dfsg-2
libnpth0:amd64	1.6-3build2
libnsl-dev:amd64	1.3.0-2build2
libnsl2:amd64	1.3.0-2build2
libnspr4:amd64	2:4.35-0ubuntu0.22.04.1
libnss-systemd:amd64	249.11-0ubuntu3.22
libnss3:amd64	2:3.98-0ubuntu0.22.04.4
libntfs-3g89	1:2021.8.22-3ubuntu1.4
libnuma-dev:amd64	2.0.14-3ubuntu2
libnuma1:amd64	2.0.14-3ubuntu2
libodbc2:amd64	2.3.9-5ubuntu0.1
libodbccr2:amd64	2.3.9-5ubuntu0.1
libodbcinst2:amd64	2.3.9-5ubuntu0.1
libogdi-dev	4.1.0+ds-5
libogdi4.1	4.1.0+ds-5
libogg-dev:amd64	1.3.5-0ubuntu3
libogg0:amd64	1.3.5-0ubuntu3
libomp-14-dev	1:14.0.0-1ubuntu1.1
libomp-dev:amd64	1:14.0-55~exp2
libomp5-14:amd64	1:14.0.0-1ubuntu1.1
libonig5:amd64	6.9.7.1-2build1
libopenal-data	1:1.19.1-2build3
libopenal1:amd64	1:1.19.1-2build3
libopencv-calib3d-dev:amd64	4.5.4+dfsg-9ubuntu4
libopencv-calib3d4.5d:amd64	4.5.4+dfsg-9ubuntu4
libopencv-contrib-dev:amd64	4.5.4+dfsg-9ubuntu4
libopencv-contrib4.5d:amd64	4.5.4+dfsg-9ubuntu4
libopencv-core-dev:amd64	4.5.4+dfsg-9ubuntu4
libopencv-core4.5d:amd64	4.5.4+dfsg-9ubuntu4
libopencv-dev	4.5.4+dfsg-9ubuntu4
libopencv-dnn-dev:amd64	4.5.4+dfsg-9ubuntu4
libopencv-dnn4.5d:amd64	4.5.4+dfsg-9ubuntu4
libopencv-features2d-dev:amd64	4.5.4+dfsg-9ubuntu4
libopencv-features2d4.5d:amd64	4.5.4+dfsg-9ubuntu4
libopencv-flann-dev:amd64	4.5.4+dfsg-9ubuntu4
libopencv-flann4.5d:amd64	4.5.4+dfsg-9ubuntu4
libopencv-highgui-dev:amd64	4.5.4+dfsg-9ubuntu4
libopencv-highgui4.5d:amd64	4.5.4+dfsg-9ubuntu4
libopencv-imgcodecs-dev:amd64	4.5.4+dfsg-9ubuntu4
libopencv-imgcodecs4.5d:amd64	4.5.4+dfsg-9ubuntu4
libopencv-imgproc-dev:amd64	4.5.4+dfsg-9ubuntu4
libopencv-imgproc4.5d:amd64	4.5.4+dfsg-9ubuntu4
libopencv-ml-dev:amd64	4.5.4+dfsg-9ubuntu4
libopencv-ml4.5d:amd64	4.5.4+dfsg-9ubuntu4
libopencv-objdetect-dev:amd64	4.5.4+dfsg-9ubuntu4
libopencv-objdetect4.5d:amd64	4.5.4+dfsg-9ubuntu4
libopencv-photo-dev:amd64	4.5.4+dfsg-9ubuntu4
libopencv-photo4.5d:amd64	4.5.4+dfsg-9ubuntu4
libopencv-shape-dev:amd64	4.5.4+dfsg-9ubuntu4
libopencv-shape4.5d:amd64	4.5.4+dfsg-9ubuntu4
libopencv-stitching-dev:amd64	4.5.4+dfsg-9ubuntu4
libopencv-stitching4.5d:amd64	4.5.4+dfsg-9ubuntu4
libopencv-superres-dev:amd64	4.5.4+dfsg-9ubuntu4
libopencv-superres4.5d:amd64	4.5.4+dfsg-9ubuntu4
libopencv-video-dev:amd64	4.5.4+dfsg-9ubuntu4
libopencv-video4.5d:amd64	4.5.4+dfsg-9ubuntu4
libopencv-videoio-dev:amd64	4.5.4+dfsg-9ubuntu4
libopencv-videoio4.5d:amd64	4.5.4+dfsg-9ubuntu4
libopencv-videostab-dev:amd64	4.5.4+dfsg-9ubuntu4
libopencv-videostab4.5d:amd64	4.5.4+dfsg-9ubuntu4
libopencv-viz-dev:amd64	4.5.4+dfsg-9ubuntu4
libopencv-viz4.5d:amd64	4.5.4+dfsg-9ubuntu4
libopenexr-dev	2.5.7-1
libopenexr25:amd64	2.5.7-1
libopengl-dev:amd64	1.4.0-1
libopengl0:amd64	1.4.0-1
libopenjp2-7:amd64	2.4.0-6ubuntu0.5
libopenjp2-7-dev:amd64	2.4.0-6ubuntu0.5
libopenmpi-dev:amd64	4.1.2-2ubuntu1
libopenmpi3:amd64	4.1.2-2ubuntu1
libopenmpt0:amd64	0.6.1-1
libopenni-dev:amd64	1.5.4.0+dfsg-5
libopenni0	1.5.4.0+dfsg-5
libopenni2-0:amd64	2.2.0.33+dfsg-15
libopenni2-dev:amd64	2.2.0.33+dfsg-15
libopus0:amd64	1.3.1-0.1build2
liborc-0.4-0:amd64	1:0.4.32-2ubuntu0.1
liborocos-kdl-dev:amd64	1.5.1-2build1
liborocos-kdl1.5:amd64	1.5.1-2build1
libosmesa6:amd64	23.2.1-1ubuntu3.1~22.04.4
libosmesa6-dev:amd64	23.2.1-1ubuntu3.1~22.04.4
libp11-kit0:amd64	0.24.0-6ubuntu0.1
libpackagekit-glib2-18:amd64	1.2.5-2ubuntu3.1
libpam-cap:amd64	1:2.44-1ubuntu0.22.04.3
libpam-modules:amd64	1.4.0-11ubuntu2.8
libpam-modules-bin	1.4.0-11ubuntu2.8
libpam-runtime	1.4.0-11ubuntu2.8
libpam-systemd:amd64	249.11-0ubuntu3.22
libpam0g:amd64	1.4.0-11ubuntu2.8
libpango-1.0-0:amd64	1.50.6+ds-2ubuntu1
libpangocairo-1.0-0:amd64	1.50.6+ds-2ubuntu1
libpangoft2-1.0-0:amd64	1.50.6+ds-2ubuntu1
libparted2:amd64	3.4-2build1
libpathplan4:amd64	2.42.2-6ubuntu0.1
libpcap0.8:amd64	1.10.1-4ubuntu1.22.04.2
libpci3:amd64	1:3.7.0-6
libpciaccess-dev:amd64	0.16-3
libpciaccess0:amd64	0.16-3
libpcl-apps1.12:amd64	1.12.1+dfsg-3build1
libpcl-common1.12:amd64	1.12.1+dfsg-3build1
libpcl-dev	1.12.1+dfsg-3build1
libpcl-features1.12:amd64	1.12.1+dfsg-3build1
libpcl-filters1.12:amd64	1.12.1+dfsg-3build1
libpcl-io1.12:amd64	1.12.1+dfsg-3build1
libpcl-kdtree1.12:amd64	1.12.1+dfsg-3build1
libpcl-keypoints1.12:amd64	1.12.1+dfsg-3build1
libpcl-ml1.12:amd64	1.12.1+dfsg-3build1
libpcl-octree1.12:amd64	1.12.1+dfsg-3build1
libpcl-outofcore1.12:amd64	1.12.1+dfsg-3build1
libpcl-people1.12:amd64	1.12.1+dfsg-3build1
libpcl-recognition1.12:amd64	1.12.1+dfsg-3build1
libpcl-registration1.12:amd64	1.12.1+dfsg-3build1
libpcl-sample-consensus1.12:amd64	1.12.1+dfsg-3build1
libpcl-search1.12:amd64	1.12.1+dfsg-3build1
libpcl-segmentation1.12:amd64	1.12.1+dfsg-3build1
libpcl-stereo1.12:amd64	1.12.1+dfsg-3build1
libpcl-surface1.12:amd64	1.12.1+dfsg-3build1
libpcl-tracking1.12:amd64	1.12.1+dfsg-3build1
libpcl-visualization1.12:amd64	1.12.1+dfsg-3build1
libpcre16-3:amd64	2:8.39-13ubuntu0.22.04.1
libpcre2-16-0:amd64	10.39-3ubuntu0.1
libpcre2-32-0:amd64	10.39-3ubuntu0.1
libpcre2-8-0:amd64	10.39-3ubuntu0.1
libpcre2-dev:amd64	10.39-3ubuntu0.1
libpcre2-posix3:amd64	10.39-3ubuntu0.1
libpcre3:amd64	2:8.39-13ubuntu0.22.04.1
libpcre3-dev:amd64	2:8.39-13ubuntu0.22.04.1
libpcre32-3:amd64	2:8.39-13ubuntu0.22.04.1
libpcrecpp0v5:amd64	2:8.39-13ubuntu0.22.04.1
libpcsclite1:amd64	1.9.5-3ubuntu1
libperl5.34:amd64	5.34.0-3ubuntu1.9
libpgm-5.3-0:amd64	5.3.128~dfsg-2
libpgm-dev:amd64	5.3.128~dfsg-2
libpipeline1:amd64	1.5.5-1
libpixman-1-0:amd64	0.40.0-1ubuntu0.22.04.1
libplymouth5:amd64	0.9.5+git20211018-1ubuntu3
libpmix-dev:amd64	4.1.2-2ubuntu1
libpmix2:amd64	4.1.2-2ubuntu1
libpng-dev:amd64	1.6.37-3ubuntu0.6
libpng16-16:amd64	1.6.37-3ubuntu0.6
libpocketsphinx3:amd64	0.8.0+real5prealpha+1-14ubuntu1
libpolkit-agent-1-0:amd64	0.105-33ubuntu0.2
libpolkit-gobject-1-0:amd64	0.105-33ubuntu0.2
libpoppler-dev:amd64	22.02.0-2ubuntu0.13
libpoppler-private-dev:amd64	22.02.0-2ubuntu0.13
libpoppler118:amd64	22.02.0-2ubuntu0.13
libpopt0:amd64	1.18-3build1
libpostproc55:amd64	7:4.4.2-0ubuntu0.22.04.1
libpq-dev	14.24-0ubuntu0.22.04.1
libpq5:amd64	14.24-0ubuntu0.22.04.1
libprocps8:amd64	2:3.3.17-6ubuntu2.1
libproj-dev:amd64	8.2.1-1
libproj22:amd64	8.2.1-1
libprotobuf23:amd64	3.12.4-1ubuntu7.22.04.6
libpsl5:amd64	0.21.0-1.2build2
libpsm-infinipath1	3.3+20.604758e7-6.1
libpsm2-2	11.2.185-1
libpthread-stubs0-dev:amd64	0.4-1build2
libpulse-dev:amd64	1:15.99.1+dfsg1-1ubuntu2.2
libpulse-mainloop-glib0:amd64	1:15.99.1+dfsg1-1ubuntu2.2
libpulse0:amd64	1:15.99.1+dfsg1-1ubuntu2.2
libpyside2-dev	5.15.2-2build2
libpyside2-py3-5.15	5.15.2-2build2
libpython3-dev:amd64	3.10.6-1~22.04.1
libpython3-stdlib:amd64	3.10.6-1~22.04.1
libpython3.10:amd64	3.10.12-1~22.04.18
libpython3.10-dev:amd64	3.10.12-1~22.04.18
libpython3.10-minimal:amd64	3.10.12-1~22.04.18
libpython3.10-stdlib:amd64	3.10.12-1~22.04.18
libqhull-dev:amd64	2020.2-4
libqhull-r8.0:amd64	2020.2-4
libqhull8.0:amd64	2020.2-4
libqhullcpp8.0:amd64	2020.2-4
libqt5concurrent5:amd64	5.15.3+dfsg-2ubuntu0.2
libqt5core5a:amd64	5.15.3+dfsg-2ubuntu0.2
libqt5dbus5:amd64	5.15.3+dfsg-2ubuntu0.2
libqt5designer5:amd64	5.15.3-1
libqt5designercomponents5:amd64	5.15.3-1
libqt5gui5:amd64	5.15.3+dfsg-2ubuntu0.2
libqt5help5:amd64	5.15.3-1
libqt5network5:amd64	5.15.3+dfsg-2ubuntu0.2
libqt5opengl5:amd64	5.15.3+dfsg-2ubuntu0.2
libqt5opengl5-dev:amd64	5.15.3+dfsg-2ubuntu0.2
libqt5positioning5:amd64	5.15.3+dfsg-3
libqt5printsupport5:amd64	5.15.3+dfsg-2ubuntu0.2
libqt5qml5:amd64	5.15.3+dfsg-1
libqt5qmlmodels5:amd64	5.15.3+dfsg-1
libqt5qmlworkerscript5:amd64	5.15.3+dfsg-1
libqt5quick5:amd64	5.15.3+dfsg-1
libqt5quickparticles5:amd64	5.15.3+dfsg-1
libqt5quickshapes5:amd64	5.15.3+dfsg-1
libqt5quicktest5:amd64	5.15.3+dfsg-1
libqt5quickwidgets5:amd64	5.15.3+dfsg-1
libqt5sensors5:amd64	5.15.3-1
libqt5sql5:amd64	5.15.3+dfsg-2ubuntu0.2
libqt5sql5-sqlite:amd64	5.15.3+dfsg-2ubuntu0.2
libqt5svg5:amd64	5.15.3-1
libqt5test5:amd64	5.15.3+dfsg-2ubuntu0.2
libqt5webchannel5:amd64	5.15.3-1
libqt5webkit5:amd64	5.212.0~alpha4-15ubuntu1
libqt5webkit5-dev:amd64	5.212.0~alpha4-15ubuntu1
libqt5widgets5:amd64	5.15.3+dfsg-2ubuntu0.2
libqt5xml5:amd64	5.15.3+dfsg-2ubuntu0.2
libquadmath0:amd64	12.3.0-1ubuntu1~22.04.3
librabbitmq4:amd64	0.10.0-1ubuntu2.2
libraqm0:amd64	0.7.0-4ubuntu1
libraw1394-11:amd64	2.1.2-2build2
libraw1394-dev:amd64	2.1.2-2build2
librbio2:amd64	1:5.10.1+dfsg-4build1
librdmacm1:amd64	39.0-1
libreadline8:amd64	8.1.2-1
librhash0:amd64	1.4.2-1ubuntu1
librsvg2-2:amd64	2.52.5+dfsg-3ubuntu0.2
librsvg2-common:amd64	2.52.5+dfsg-3ubuntu0.2
librtmp1:amd64	2.4+20151223.gitfa8646d.1-2build4
librttopo-dev:amd64	1.1.0-2
librttopo1:amd64	1.1.0-2
librubberband2:amd64	2.0.0-2
libsamplerate0:amd64	0.2.2-1build1
libsasl2-2:amd64	2.1.27+dfsg2-3ubuntu1.2
libsasl2-modules:amd64	2.1.27+dfsg2-3ubuntu1.2
libsasl2-modules-db:amd64	2.1.27+dfsg2-3ubuntu1.2
libsdl2-2.0-0:amd64	2.0.20+dfsg-2ubuntu1.22.04.1
libsdl2-dev:amd64	2.0.20+dfsg-2ubuntu1.22.04.1
libseccomp2:amd64	2.5.3-2ubuntu3~22.04.1
libselinux1:amd64	3.3-1build2
libselinux1-dev:amd64	3.3-1build2
libsemanage-common	3.3-1build2
libsemanage2:amd64	3.3-1build2
libsensors-config	1:3.6.0-7ubuntu1
libsensors5:amd64	1:3.6.0-7ubuntu1
libsepol-dev:amd64	3.3-1build1
libsepol2:amd64	3.3-1build1
libserd-0-0:amd64	0.30.10-2
libshiboken2-dev	5.15.2-2build2
libshiboken2-py3-5.15	5.15.2-2build2
libshine3:amd64	3.1.1-2
libsigsegv2:amd64	2.13-1ubuntu3
libslang2:amd64	2.3.2-5build4
libsliplu1:amd64	1:5.10.1+dfsg-4build1
libsm-dev:amd64	2:1.2.3-1build2
libsm6:amd64	2:1.2.3-1build2
libsmartcols1:amd64	2.37.2-4ubuntu3.6
libsnappy1v5:amd64	1.1.8-1build3
libsndfile1:amd64	1.0.31-2ubuntu0.2
libsndio-dev:amd64	1.8.1-1.1
libsndio7.0:amd64	1.8.1-1.1
libsocket++1:amd64	1.12.13+git20131030.5d039ba-1
libsodium-dev:amd64	1.0.18-1ubuntu0.22.04.1
libsodium23:amd64	1.0.18-1ubuntu0.22.04.1
libsord-0-0:amd64	0.16.8-2
libsoxr0:amd64	0.1.3-4build2
libspatialite-dev:amd64	5.0.1-2build2
libspatialite7:amd64	5.0.1-2build2
libspdlog-dev:amd64	1:1.9.2+ds-0.2
libspdlog1:amd64	1:1.9.2+ds-0.2
libspeex1:amd64	1.2~rc1.2-1.1ubuntu3
libsphinxbase3:amd64	0.8+5prealpha+1-13build1
libspqr2:amd64	1:5.10.1+dfsg-4build1
libsqlite3-0:amd64	3.37.2-2ubuntu0.8
libsqlite3-dev:amd64	3.37.2-2ubuntu0.8
libsratom-0-0:amd64	0.6.8-1
libsrt1.4-gnutls:amd64	1.4.4-4
libss2:amd64	1.46.5-2ubuntu1.2
libssh-4:amd64	0.9.6-2ubuntu0.22.04.8
libssh-gcrypt-4:amd64	0.9.6-2ubuntu0.22.04.8
libssl-dev:amd64	3.0.2-0ubuntu1.29
libssl3:amd64	3.0.2-0ubuntu1.29
libstdc++-11-dev:amd64	11.4.0-1ubuntu1~22.04.3
libstdc++6:amd64	12.3.0-1ubuntu1~22.04.3
libstemmer0d:amd64	2.2.0-1build1
libsuitesparse-dev:amd64	1:5.10.1+dfsg-4build1
libsuitesparseconfig5:amd64	1:5.10.1+dfsg-4build1
libsuperlu-dev:amd64	5.3.0+dfsg1-2
libsuperlu5:amd64	5.3.0+dfsg1-2
libswresample-dev:amd64	7:4.4.2-0ubuntu0.22.04.1
libswresample3:amd64	7:4.4.2-0ubuntu0.22.04.1
libswscale-dev:amd64	7:4.4.2-0ubuntu0.22.04.1
libswscale5:amd64	7:4.4.2-0ubuntu0.22.04.1
libsystemd0:amd64	249.11-0ubuntu3.22
libsz2:amd64	1.0.6-1
libtasn1-6:amd64	4.18.0-4ubuntu0.2
libtbb-dev:amd64	2021.5.0-7ubuntu2
libtbb12:amd64	2021.5.0-7ubuntu2
libtbb2:amd64	2020.3-1ubuntu3
libtbbmalloc2:amd64	2021.5.0-7ubuntu2
libtcl8.6:amd64	8.6.12+dfsg-1build1
libtesseract4:amd64	4.1.1-2.1build1
libtext-charwidth-perl	0.04-10build3
libtext-iconv-perl	1.7-7build3
libtext-wrapi18n-perl	0.06-9
libthai-data	0.1.29-1build1
libthai0:amd64	0.1.29-1build1
libtheora-dev:amd64	1.1.1+dfsg.1-15ubuntu4
libtheora0:amd64	1.1.1+dfsg.1-15ubuntu4
libtiff-dev:amd64	4.3.0-6ubuntu0.13
libtiff5:amd64	4.3.0-6ubuntu0.13
libtiffxx5:amd64	4.3.0-6ubuntu0.13
libtinfo6:amd64	6.3-2ubuntu0.3
libtinyxml-dev:amd64	2.6.2-6ubuntu0.22.04.1
libtinyxml2-9:amd64	9.0.0+dfsg-3
libtinyxml2-dev:amd64	9.0.0+dfsg-3
libtinyxml2.6.2v5:amd64	2.6.2-6ubuntu0.22.04.1
libtirpc-common	1.3.2-2ubuntu0.1
libtirpc-dev:amd64	1.3.2-2ubuntu0.1
libtirpc3:amd64	1.3.2-2ubuntu0.1
libtk8.6:amd64	8.6.12-1build1
libtsan0:amd64	11.4.0-1ubuntu1~22.04.3
libtwolame0:amd64	0.4.0-2build2
libubsan1:amd64	12.3.0-1ubuntu1~22.04.3
libuchardet0:amd64	0.0.7-1build2
libucx0:amd64	1.12.1~rc2-1
libudev-dev:amd64	249.11-0ubuntu3.22
libudev1:amd64	249.11-0ubuntu3.22
libudfread0:amd64	1.1.2-1
libumfpack5:amd64	1:5.10.1+dfsg-4build1
libunistring2:amd64	1.0-1
libunwind-dev:amd64	1.3.2-2build2.1
libunwind8:amd64	1.3.2-2build2.1
liburiparser-dev	0.9.6+dfsg-1
liburiparser1:amd64	0.9.6+dfsg-1
libusb-1.0-0:amd64	2:1.0.25-1ubuntu2
libusb-1.0-0-dev:amd64	2:1.0.25-1ubuntu2
libutempter0:amd64	1.2.1-2build2
libutfcpp-dev:amd64	3.2.1-2
libuuid1:amd64	2.37.2-4ubuntu3.6
libuv1:amd64	1.43.0-1ubuntu0.1
libva-drm2:amd64	2.14.0-1
libva-x11-2:amd64	2.14.0-1
libva2:amd64	2.14.0-1
libvdpau1:amd64	1.4-3build2
libvidstab1.1:amd64	1.1.0-2
libvorbis0a:amd64	1.3.7-1build2
libvorbisenc2:amd64	1.3.7-1build2
libvorbisfile3:amd64	1.3.7-1build2
libvpx7:amd64	1.11.0-2ubuntu2.5
libvtk9-dev	9.1.0+really9.1.0+dfsg2-3build1
libvtk9-java	9.1.0+really9.1.0+dfsg2-3build1
libvtk9-qt-dev:amd64	9.1.0+really9.1.0+dfsg2-3build1
libvtk9.1:amd64	9.1.0+really9.1.0+dfsg2-3build1
libvtk9.1-qt:amd64	9.1.0+really9.1.0+dfsg2-3build1
libvulkan-dev:amd64	1.3.204.1-2
libvulkan1:amd64	1.3.204.1-2
libwacom-common	2.2.0-1
libwacom9:amd64	2.2.0-1
libwayland-bin	1.20.0-1ubuntu0.1
libwayland-client0:amd64	1.20.0-1ubuntu0.1
libwayland-cursor0:amd64	1.20.0-1ubuntu0.1
libwayland-dev:amd64	1.20.0-1ubuntu0.1
libwayland-egl1:amd64	1.20.0-1ubuntu0.1
libwayland-server0:amd64	1.20.0-1ubuntu0.1
libwebp-dev:amd64	1.2.2-2ubuntu0.22.04.2
libwebp7:amd64	1.2.2-2ubuntu0.22.04.2
libwebpdemux2:amd64	1.2.2-2ubuntu0.22.04.2
libwebpmux3:amd64	1.2.2-2ubuntu0.22.04.2
libwmf-0.2-7:amd64	0.2.12-5ubuntu1
libwmf-dev	0.2.12-5ubuntu1
libwmflite-0.2-7:amd64	0.2.12-5ubuntu1
libwoff1:amd64	1.0.2-1build4
libx11-6:amd64	2:1.7.5-1ubuntu0.3
libx11-data	2:1.7.5-1ubuntu0.3
libx11-dev:amd64	2:1.7.5-1ubuntu0.3
libx11-xcb1:amd64	2:1.7.5-1ubuntu0.3
libx264-163:amd64	2:0.163.3060+git5db6aa6-2build1
libx265-199:amd64	3.5-2
libx265-dev:amd64	3.5-2
libxau-dev:amd64	1:1.0.9-1build5
libxau6:amd64	1:1.0.9-1build5
libxaw7:amd64	2:1.0.14-1
libxaw7-dev:amd64	2:1.0.14-1
libxcb-dri2-0:amd64	1.14-3ubuntu3
libxcb-dri3-0:amd64	1.14-3ubuntu3
libxcb-glx0:amd64	1.14-3ubuntu3
libxcb-icccm4:amd64	0.4.1-1.1build2
libxcb-image0:amd64	0.4.0-2
libxcb-keysyms1:amd64	0.4.0-1build3
libxcb-present0:amd64	1.14-3ubuntu3
libxcb-randr0:amd64	1.14-3ubuntu3
libxcb-render-util0:amd64	0.3.9-1build3
libxcb-render0:amd64	1.14-3ubuntu3
libxcb-shape0:amd64	1.14-3ubuntu3
libxcb-shm0:amd64	1.14-3ubuntu3
libxcb-sync1:amd64	1.14-3ubuntu3
libxcb-util1:amd64	0.4.0-1build2
libxcb-xfixes0:amd64	1.14-3ubuntu3
libxcb-xinerama0:amd64	1.14-3ubuntu3
libxcb-xinput0:amd64	1.14-3ubuntu3
libxcb-xkb1:amd64	1.14-3ubuntu3
libxcb1:amd64	1.14-3ubuntu3
libxcb1-dev:amd64	1.14-3ubuntu3
libxcomposite1:amd64	1:0.4.5-1build2
libxcursor-dev:amd64	1:1.2.0-2build4
libxcursor1:amd64	1:1.2.0-2build4
libxdamage1:amd64	1:1.1.5-2build2
libxdmcp-dev:amd64	1:1.1.3-0ubuntu5
libxdmcp6:amd64	1:1.1.3-0ubuntu5
libxerces-c-dev:amd64	3.2.3+debian-3ubuntu0.1
libxerces-c3.2:amd64	3.2.3+debian-3ubuntu0.1
libxext-dev:amd64	2:1.3.4-1build1
libxext6:amd64	2:1.3.4-1build1
libxfixes-dev:amd64	1:6.0.0-1
libxfixes3:amd64	1:6.0.0-1
libxfont2:amd64	1:2.0.5-1ubuntu0.2
libxft-dev:amd64	2.3.4-1
libxft2:amd64	2.3.4-1
libxi-dev:amd64	2:1.8-1build1
libxi6:amd64	2:1.8-1build1
libxinerama-dev:amd64	2:1.1.4-3
libxinerama1:amd64	2:1.1.4-3
libxkbcommon-dev:amd64	1.4.0-1
libxkbcommon-x11-0:amd64	1.4.0-1
libxkbcommon0:amd64	1.4.0-1
libxkbfile1:amd64	1:1.1.0-1build3
libxml2:amd64	2.9.13+dfsg-1ubuntu0.13
libxml2-dev:amd64	2.9.13+dfsg-1ubuntu0.13
libxml2-utils	2.9.13+dfsg-1ubuntu0.13
libxmlb2:amd64	0.3.24-1~ubuntu0.22.04.1
libxmu-dev:amd64	2:1.1.3-3
libxmu-headers	2:1.1.3-3
libxmu6:amd64	2:1.1.3-3
libxmuu1:amd64	2:1.1.3-3
libxnvctrl0:amd64	510.47.03-0ubuntu1.22.04.1
libxpm-dev:amd64	1:3.5.12-1ubuntu0.22.04.3
libxpm4:amd64	1:3.5.12-1ubuntu0.22.04.3
libxrandr-dev:amd64	2:1.5.2-1build1
libxrandr2:amd64	2:1.5.2-1build1
libxrender-dev:amd64	1:0.9.10-1build4
libxrender1:amd64	1:0.9.10-1build4
libxshmfence1:amd64	1.3-1build4
libxsimd-dev:amd64	7.6.0-2
libxslt1.1:amd64	1.1.34-4ubuntu0.22.04.5
libxss-dev:amd64	1:1.2.3-1build2
libxss1:amd64	1:1.2.3-1build2
libxt-dev:amd64	1:1.2.1-1
libxt6:amd64	1:1.2.1-1
libxtables12:amd64	1.8.7-1ubuntu5.2
libxtensor-dev:amd64	0.23.10-15
libxtst6:amd64	2:1.2.3-1build4
libxv-dev:amd64	2:1.0.11-1build2
libxv1:amd64	2:1.0.11-1build2
libxvidcore4:amd64	2:1.3.7-1
libxxf86dga1:amd64	2:1.1.5-0ubuntu3
libxxf86vm-dev:amd64	1:1.1.4-1build3
libxxf86vm1:amd64	1:1.1.4-1build3
libxxhash0:amd64	0.8.1-1
libyaml-0-2:amd64	0.2.2-1build2
libyaml-cpp-dev	0.7.0+dfsg-8build1
libyaml-cpp0.7:amd64	0.7.0+dfsg-8build1
libyaml-dev:amd64	0.2.2-1build2
libz3-4:amd64	4.8.12-1
libzimg2:amd64	3.0.3+ds1-1
libzmq3-dev:amd64	4.3.4-2
libzmq5:amd64	4.3.4-2
libzstd-dev:amd64	1.4.8+dfsg-3build1
libzstd1:amd64	1.4.8+dfsg-3build1
libzvbi-common	0.2.35-19
libzvbi0:amd64	0.2.35-19
linux-libc-dev:amd64	5.15.0-194.204
locales	2.35-0ubuntu3.15
login	1:4.8.1-2ubuntu2.2
logrotate	3.19.0-1ubuntu1.1
logsave	1.46.5-2ubuntu1.2
lsb-base	11.1.0ubuntu4
lsb-release	11.1.0ubuntu4
lshw	02.19.git.2021.06.19.996aaad9c7-2ubuntu0.22.04.1
lsof	4.93.2+dfsg-1.1build2
lto-disabled-list	24
m4	1.4.18-5ubuntu2
mailcap	3.70+nmu1ubuntu1.22.04.1
make	4.3-4.1build1
man-db	2.10.2-1
manpages	5.10-1ubuntu1
mawk	1.3.4.20200120-3
media-types	7.0.0
mesa-utils	8.4.0-1ubuntu1
mesa-utils-bin:amd64	8.4.0-1ubuntu1
mime-support	3.66
motd-news-config	12ubuntu4.7
mount	2.37.2-4ubuntu3.6
mpi-default-bin	1.14
mpi-default-dev	1.14
mtr-tiny	0.95-1
mysql-common	5.8+1.0.8
nano	6.2-1ubuntu0.2
ncurses-base	6.3-2ubuntu0.3
ncurses-bin	6.3-2ubuntu0.3
netbase	6.3
netcat-openbsd	1.218-4ubuntu1
netplan.io	0.106.1-7ubuntu0.22.04.4
networkd-dispatcher	2.1-2ubuntu0.22.04.2
nftables	1.0.2-1ubuntu3.1
ninja-build	1.10.1-1
nlohmann-json3-dev	3.10.5-2
ntfs-3g	1:2021.8.22-3ubuntu1.4
ocl-icd-libopencl1:amd64	2.2.14-3
openjdk-11-jdk:amd64	11.0.32.1+1-1ubuntu1~22.04
openjdk-11-jdk-headless:amd64	11.0.32.1+1-1ubuntu1~22.04
openjdk-11-jre:amd64	11.0.32.1+1-1ubuntu1~22.04
openjdk-11-jre-headless:amd64	11.0.32.1+1-1ubuntu1~22.04
openmpi-bin	4.1.2-2ubuntu1
openmpi-common	4.1.2-2ubuntu1
openssh-client	1:8.9p1-3ubuntu0.17
openssl	3.0.2-0ubuntu1.29
packagekit	1.2.5-2ubuntu3.1
packagekit-tools	1.2.5-2ubuntu3.1
parted	3.4-2build1
passwd	1:4.8.1-2ubuntu2.2
pastebinit	1.5.1-1ubuntu1
patch	2.7.6-7build2
pci.ids	0.0~2022.01.22-1ubuntu0.1
pciutils	1:3.7.0-6
perl	5.34.0-3ubuntu1.9
perl-base	5.34.0-3ubuntu1.9
perl-modules-5.34	5.34.0-3ubuntu1.9
pinentry-curses	1.1.1-1build2
pkexec	0.105-33ubuntu0.2
pkg-config	0.29.2-1ubuntu3
plymouth	0.9.5+git20211018-1ubuntu3
plymouth-theme-ubuntu-text	0.9.5+git20211018-1ubuntu3
policykit-1	0.105-33ubuntu0.2
polkitd	0.105-33ubuntu0.2
powermgmt-base	1.36ubuntu0.22.04.1
procps	2:3.3.17-6ubuntu2.1
proj-data	8.2.1-1
psmisc	23.4-2build3
publicsuffix	20211207.1025-1
pybind11-dev	2.9.1-2
pydocstyle	6.1.1-1
pyqt5-dev	5.15.6+dfsg-1ubuntu3
python-apt-common	2.4.0ubuntu4.1
python-babel-localedata	2.8.0+dfsg.1-7
python-matplotlib-data	3.5.1-2build1
python3	3.10.6-1~22.04.1
python3-appdirs	1.4.4-2
python3-apport	2.20.11-0ubuntu82.10
python3-apt	2.4.0ubuntu4.1
python3-argcomplete	1.8.1-1.5
python3-attr	21.2.0-1ubuntu1
python3-automat	20.2.0-1
python3-babel	2.8.0+dfsg.1-7
python3-bcrypt	3.2.0-1build1
python3-beniget	0.4.1-2
python3-blinker	1.4+dfsg1-0.4
python3-bloom	0.14.4+upstream-1
python3-brotli	1.0.9-2build6
python3-cairo:amd64	1.20.1-3build1
python3-catkin-pkg	1.1.1-100
python3-catkin-pkg-modules	1.1.1-1
python3-certifi	2020.6.20-1
python3-cffi-backend:amd64	1.15.0-1build2
python3-chardet	4.0.0-1
python3-click	8.0.3-1
python3-colcon-argcomplete	0.3.3+upstream-1
python3-colcon-bash	0.5.0-100
python3-colcon-cd	0.2.1-100
python3-colcon-cmake	0.2.30+upstream-1
python3-colcon-common-extensions	0.3.0-100
python3-colcon-core	0.21.3+upstream-1
python3-colcon-defaults	0.2.9+upstream-1
python3-colcon-devtools	0.3.0-100
python3-colcon-library-path	0.2.1-100
python3-colcon-metadata	0.3.1+upstream-1
python3-colcon-mixin	0.3.2+upstream-1
python3-colcon-notification	0.3.3+upstream-1
python3-colcon-output	0.2.15+upstream-1
python3-colcon-package-information	0.4.1+upstream-1
python3-colcon-package-selection	0.2.10-100
python3-colcon-parallel-executor	0.3.0-100
python3-colcon-pkg-config	0.1.0-100
python3-colcon-powershell	0.5.0+upstream-1
python3-colcon-python-setup-py	0.2.9-100
python3-colcon-recursive-crawl	0.2.3-100
python3-colcon-ros	0.5.0+upstream-1
python3-colcon-test-result	0.3.8-100
python3-colcon-zsh	0.5.0-100
python3-colorama	0.4.4-1
python3-commandnotfound	22.04.0
python3-configobj	5.0.6-5ubuntu0.1
python3-constantly	15.1.0-2
python3-cryptography	3.4.8-1ubuntu2.4
python3-cycler	0.11.0-1
python3-dateutil	2.8.1-6
python3-dbus	1.2.18-3build1
python3-debconf	1.5.79ubuntu1
python3-decorator	4.4.2-0ubuntu1
python3-dev	3.10.6-1~22.04.1
python3-distlib	0.3.4-1
python3-distro	1.7.0-1
python3-distro-info	1.1ubuntu0.2
python3-distupgrade	1:22.04.21
python3-distutils	3.10.8-1~22.04
python3-docutils	0.17.1+dfsg-2
python3-empy	3.3.4-2
python3-flake8	4.0.1-2
python3-fonttools	4.29.1-2build1
python3-fs	2.4.12-1
python3-gast	0.5.2-2
python3-gdbm:amd64	3.10.8-1~22.04
python3-gi	3.42.1-0ubuntu1
python3-hamcrest	2.0.2-2
python3-httplib2	0.20.2-2ubuntu0.1
python3-hyperlink	21.0.0-3
python3-idna	3.3-1ubuntu0.2
python3-importlib-metadata	4.6.4-1
python3-incremental	21.3.0-1
python3-iniconfig	1.1.1-2
python3-jeepney	0.7.1-3
python3-jinja2	3.0.3-1ubuntu0.4
python3-json-pointer	2.0-0ubuntu1
python3-jsonpatch	1.32-2
python3-jsonschema	3.2.0-0ubuntu2
python3-jwt	2.3.0-1ubuntu0.3
python3-keyring	23.5.0-1
python3-kiwisolver	1.3.2-1build1
python3-lark	1.1.1-1
python3-launchpadlib	1.10.16-1
python3-lazr.restfulclient	0.14.4-1
python3-lazr.uri	1.0.6-2
python3-lib2to3	3.10.8-1~22.04
python3-lxml:amd64	4.8.0-1build1
python3-lz4	3.1.3+dfsg-1build3
python3-markupsafe	2.0.1-2build1
python3-matplotlib	3.5.1-2build1
python3-mccabe	0.6.1-3
python3-minimal	3.10.6-1~22.04.1
python3-more-itertools	8.10.0-2
python3-mpi4py	3.1.3-1build2
python3-mpmath	1.2.1-2
python3-netifaces:amd64	0.11.0-1build2
python3-newt:amd64	0.52.21-5ubuntu2
python3-notify2	0.3-4
python3-numpy	1:1.21.5-1ubuntu22.04.1
python3-oauthlib	3.2.0-1ubuntu0.1
python3-opencv:amd64	4.5.4+dfsg-9ubuntu4
python3-openssl	21.0.0-1ubuntu0.1
python3-packaging	21.3-1
python3-pil:amd64	9.0.1-1ubuntu0.5
python3-pil.imagetk:amd64	9.0.1-1ubuntu0.5
python3-pip	22.0.2+dfsg-1ubuntu0.7
python3-pip-whl	22.0.2+dfsg-1ubuntu0.7
python3-pkg-resources	59.6.0-1.2ubuntu0.22.04.3
python3-pluggy	0.13.0-7.1
python3-ply	3.11-5
python3-problem-report	2.20.11-0ubuntu82.10
python3-psutil	5.9.0-1build1
python3-py	1.10.0-1
python3-pyasn1	0.4.8-1ubuntu0.3
python3-pyasn1-modules	0.2.1-1
python3-pycodestyle	2.8.0-2
python3-pycurl	7.44.1-4build1
python3-pydocstyle	6.1.1-1
python3-pydot	1.4.2-1build1
python3-pyflakes	2.4.0-2
python3-pygments	2.11.2+dfsg-2ubuntu0.1
python3-pykdl:amd64	1.5.1-2build1
python3-pyparsing	2.4.7-1
python3-pyqt5	5.15.6+dfsg-1ubuntu3
python3-pyqt5.qtsvg	5.15.6+dfsg-1ubuntu3
python3-pyqt5.sip	12.9.1-1build1
python3-pyrsistent:amd64	0.18.1-1build1
python3-pyside2.qtcore	5.15.2-2build2
python3-pyside2.qtgui	5.15.2-2build2
python3-pyside2.qtsvg	5.15.2-2build2
python3-pyside2.qtwidgets	5.15.2-2build2
python3-pytest	6.2.5-1ubuntu2
python3-pythran	0.10.0+ds2-1
python3-requests	2.25.1+dfsg-2ubuntu0.3
python3-roman	3.3-1
python3-rosdep	0.27.0-1
python3-rosdep-modules	0.27.0-1
python3-rosdistro	1.1.0-100
python3-rosdistro-modules	1.1.0-1
python3-rospkg-modules	1.6.3-1
python3-scipy	1.8.0-1exp2ubuntu1
python3-secretstorage	3.3.1-1
python3-semver	2.10.2-3
python3-serial	3.5-1
python3-service-identity	18.1.0-6
python3-setuptools	59.6.0-1.2ubuntu0.22.04.3
python3-setuptools-whl	59.6.0-1.2ubuntu0.22.04.3
python3-sip	4.19.25+dfsg-3build1
python3-sip-dev	4.19.25+dfsg-3build1
python3-six	1.16.0-3ubuntu1
python3-snowballstemmer	2.2.0-1build1
python3-software-properties	0.99.22.9
python3-sympy	1.9-1
python3-systemd	234-3ubuntu2
python3-tk:amd64	3.10.8-1~22.04
python3-toml	0.10.2-1
python3-tomli	1.2.2-2
python3-tomli-w	1.0.0-1
python3-twisted	22.1.0-2ubuntu2.7
python3-tz	2022.1-1ubuntu0.22.04.1
python3-ufolib2	0.13.1+dfsg1-1
python3-unicodedata2	14.0.0+ds-8
python3-update-manager	1:22.04.22
python3-urllib3	1.26.5-1~exp1ubuntu0.7
python3-vcstool	0.3.0-1
python3-vcstools	0.1.42-4
python3-venv	3.10.6-1~22.04.1
python3-vtk9	9.1.0+really9.1.0+dfsg2-3build1
python3-wadllib	1.3.6-1
python3-wheel	0.37.1-2ubuntu0.22.04.1
python3-yaml	5.4.1-1ubuntu1
python3-zipp	1.0.0-3ubuntu0.1
python3-zope.interface	5.4.0-1build1
python3.10	3.10.12-1~22.04.18
python3.10-dev	3.10.12-1~22.04.18
python3.10-minimal	3.10.12-1~22.04.18
python3.10-venv	3.10.12-1~22.04.18
qdoc-qt5	5.15.3-1
qhelpgenerator-qt5	5.15.3-1
qt5-assistant	5.15.3-1
qt5-qmake:amd64	5.15.3+dfsg-2ubuntu0.2
qt5-qmake-bin	5.15.3+dfsg-2ubuntu0.2
qt5-qmltooling-plugins:amd64	5.15.3+dfsg-1
qtattributionsscanner-qt5	5.15.3-1
qtbase5-dev:amd64	5.15.3+dfsg-2ubuntu0.2
qtbase5-dev-tools	5.15.3+dfsg-2ubuntu0.2
qtchooser	66-2build1
qtdeclarative5-dev:amd64	5.15.3+dfsg-1
qtdeclarative5-dev-tools	5.15.3+dfsg-1
qttools5-dev:amd64	5.15.3-1
qttools5-dev-tools	5.15.3-1
qttools5-private-dev:amd64	5.15.3-1
readline-common	8.1.2-1
ros-build-essential	1.0.3
ros-dev-tools	1.0.3
ros-humble-action-msgs	1.2.3-1jammy.20260907.205155
ros-humble-action-tutorials-cpp	0.20.10-1jammy.20260908.011717
ros-humble-action-tutorials-interfaces	0.20.10-1jammy.20260907.210820
ros-humble-action-tutorials-py	0.20.10-1jammy.20260907.215025
ros-humble-actionlib-msgs	4.9.2-1jammy.20260907.213622
ros-humble-ament-cmake	1.3.14-1jammy.20260226.035055
ros-humble-ament-cmake-auto	1.3.14-1jammy.20260304.074922
ros-humble-ament-cmake-copyright	0.12.15-1jammy.20260304.195729
ros-humble-ament-cmake-core	1.3.14-1jammy.20260224.185609
ros-humble-ament-cmake-cppcheck	0.12.15-1jammy.20260304.195901
ros-humble-ament-cmake-cpplint	0.12.15-1jammy.20260304.195910
ros-humble-ament-cmake-export-definitions	1.3.14-1jammy.20260226.010509
ros-humble-ament-cmake-export-dependencies	1.3.14-1jammy.20260226.011144
ros-humble-ament-cmake-export-include-directories	1.3.14-1jammy.20260226.010305
ros-humble-ament-cmake-export-interfaces	1.3.14-1jammy.20260226.005715
ros-humble-ament-cmake-export-libraries	1.3.14-1jammy.20260226.004939
ros-humble-ament-cmake-export-link-flags	1.3.14-1jammy.20260226.010357
ros-humble-ament-cmake-export-targets	1.3.14-1jammy.20260226.005705
ros-humble-ament-cmake-flake8	0.12.15-1jammy.20260304.200009
ros-humble-ament-cmake-gen-version-h	1.3.14-1jammy.20260226.034234
ros-humble-ament-cmake-gmock	1.3.14-1jammy.20260226.034220
ros-humble-ament-cmake-gtest	1.3.14-1jammy.20260226.013944
ros-humble-ament-cmake-include-directories	1.3.14-1jammy.20260226.010650
ros-humble-ament-cmake-libraries	1.3.14-1jammy.20260226.010453
ros-humble-ament-cmake-lint-cmake	0.12.15-1jammy.20260304.195414
ros-humble-ament-cmake-pep257	0.12.15-1jammy.20260304.200058
ros-humble-ament-cmake-pytest	1.3.14-1jammy.20260226.014042
ros-humble-ament-cmake-python	1.3.14-1jammy.20260226.005145
ros-humble-ament-cmake-ros	0.10.1-1jammy.20260907.191552
ros-humble-ament-cmake-target-dependencies	1.3.14-1jammy.20260226.013622
ros-humble-ament-cmake-test	1.3.14-1jammy.20260226.013528
ros-humble-ament-cmake-uncrustify	0.12.15-1jammy.20260304.195907
ros-humble-ament-cmake-version	1.3.14-1jammy.20260226.010514
ros-humble-ament-cmake-xmllint	0.12.15-1jammy.20260304.200103
ros-humble-ament-copyright	0.12.15-1jammy.20260226.034848
ros-humble-ament-cppcheck	0.12.15-1jammy.20260226.010724
ros-humble-ament-cpplint	0.12.15-1jammy.20260304.090253
ros-humble-ament-flake8	0.12.15-1jammy.20260226.013519
ros-humble-ament-index-cpp	1.4.1-1jammy.20260304.201844
ros-humble-ament-index-python	1.4.1-1jammy.20260304.090250
ros-humble-ament-lint	0.12.15-1jammy.20260226.005140
ros-humble-ament-lint-auto	0.12.15-1jammy.20260226.014133
ros-humble-ament-lint-cmake	0.12.15-1jammy.20260304.090258
ros-humble-ament-lint-common	0.12.15-1jammy.20260304.201149
ros-humble-ament-package	0.14.2-1jammy.20260213.215617
ros-humble-ament-pep257	0.12.15-1jammy.20260226.014506
ros-humble-ament-uncrustify	0.12.15-1jammy.20260304.195710
ros-humble-ament-xmllint	0.12.15-1jammy.20260304.090301
ros-humble-angles	1.15.0-1jammy.20260304.075013
ros-humble-behaviortree-cpp-v3	3.8.7-1jammy.20260908.003336
ros-humble-bond	4.1.4-1jammy.20260907.213713
ros-humble-bondcpp	4.1.4-1jammy.20260907.235408
ros-humble-builtin-interfaces	1.2.3-1jammy.20260907.204459
ros-humble-camera-calibration	3.0.9-1jammy.20260907.224853
ros-humble-camera-calibration-parsers	3.1.13-1jammy.20260907.222729
ros-humble-camera-info-manager	3.1.13-1jammy.20260907.223124
ros-humble-class-loader	2.2.0-3jammy.20260907.194336
ros-humble-common-interfaces	4.9.2-1jammy.20260907.214727
ros-humble-composition	0.20.10-1jammy.20260907.223526
ros-humble-composition-interfaces	1.2.3-1jammy.20260907.210807
ros-humble-compressed-depth-image-transport	2.5.5-1jammy.20260908.002700
ros-humble-compressed-image-transport	2.5.5-1jammy.20260908.002726
ros-humble-console-bridge-vendor	1.4.1-1jammy.20260304.202710
ros-humble-costmap-queue	1.1.20-1jammy.20260908.011000
ros-humble-cv-bridge	3.2.1-1jammy.20260907.220118
ros-humble-cyclonedds	0.10.5-2jammy.20260226.013234
ros-humble-demo-nodes-cpp	0.20.10-1jammy.20260907.223640
ros-humble-demo-nodes-cpp-native	0.20.10-1jammy.20260907.223527
ros-humble-demo-nodes-py	0.20.10-1jammy.20260907.214920
ros-humble-depth-image-proc	3.0.9-1jammy.20260908.012147
ros-humble-depthimage-to-laserscan	2.5.1-1jammy.20260907.223729
ros-humble-desktop	0.10.0-1jammy.20260908.101832
ros-humble-diagnostic-msgs	4.9.2-1jammy.20260907.211316
ros-humble-diagnostic-updater	4.0.7-1jammy.20260907.223805
ros-humble-domain-coordinator	0.10.1-1jammy.20260907.191130
ros-humble-dummy-map-server	0.20.10-1jammy.20260908.001348
ros-humble-dummy-robot-bringup	0.20.10-1jammy.20260908.002329
ros-humble-dummy-sensors	0.20.10-1jammy.20260908.001700
ros-humble-dwb-core	1.1.20-1jammy.20260908.005222
ros-humble-dwb-critics	1.1.20-1jammy.20260908.011533
ros-humble-dwb-msgs	1.1.20-1jammy.20260907.212657
ros-humble-dwb-plugins	1.1.20-1jammy.20260908.005659
ros-humble-eigen3-cmake-module	0.1.1-4jammy.20260304.195907
ros-humble-example-interfaces	0.9.3-2jammy.20260907.205601
ros-humble-examples-rclcpp-minimal-action-client	0.15.5-1jammy.20260907.235316
ros-humble-examples-rclcpp-minimal-action-server	0.15.5-1jammy.20260907.235321
ros-humble-examples-rclcpp-minimal-client	0.15.5-1jammy.20260907.235329
ros-humble-examples-rclcpp-minimal-composition	0.15.5-1jammy.20260907.232532
ros-humble-examples-rclcpp-minimal-publisher	0.15.5-1jammy.20260907.232646
ros-humble-examples-rclcpp-minimal-service	0.15.5-1jammy.20260907.235354
ros-humble-examples-rclcpp-minimal-subscriber	0.15.5-1jammy.20260907.232652
ros-humble-examples-rclcpp-minimal-timer	0.15.5-1jammy.20260908.003501
ros-humble-examples-rclcpp-multithreaded-executor	0.15.5-1jammy.20260907.232718
ros-humble-examples-rclpy-executors	0.15.5-1jammy.20260907.214938
ros-humble-examples-rclpy-minimal-action-client	0.15.5-1jammy.20260907.215059
ros-humble-examples-rclpy-minimal-action-server	0.15.5-1jammy.20260907.215107
ros-humble-examples-rclpy-minimal-client	0.15.5-1jammy.20260907.214939
ros-humble-examples-rclpy-minimal-publisher	0.15.5-1jammy.20260907.214947
ros-humble-examples-rclpy-minimal-service	0.15.5-1jammy.20260907.214953
ros-humble-examples-rclpy-minimal-subscriber	0.15.5-1jammy.20260907.214954
ros-humble-fastcdr	1.0.29-1jammy.20260226.010952
ros-humble-fastrtps	2.6.12-1jammy.20260723.233918
ros-humble-fastrtps-cmake-module	2.2.4-1jammy.20260304.202011
ros-humble-foonathan-memory-vendor	1.2.0-3jammy.20260304.200554
ros-humble-geometry-msgs	4.9.2-1jammy.20260907.210358
ros-humble-geometry2	0.25.23-1jammy.20260908.012033
ros-humble-gmock-vendor	1.10.9006-1jammy.20260226.011659
ros-humble-gtest-vendor	1.10.9006-1jammy.20260226.011046
ros-humble-iceoryx-binding-c	2.0.5-1jammy.20260226.012512
ros-humble-iceoryx-hoofs	2.0.5-1jammy.20260226.011054
ros-humble-iceoryx-posh	2.0.5-1jammy.20260226.011738
ros-humble-ignition-cmake2-vendor	0.0.2-2jammy.20260304.200630
ros-humble-ignition-math6-vendor	0.0.2-2jammy.20260304.200852
ros-humble-image-geometry	3.2.1-1jammy.20260907.220109
ros-humble-image-pipeline	3.0.9-1jammy.20260908.013354
ros-humble-image-proc	3.0.9-1jammy.20260907.225649
ros-humble-image-publisher	3.0.9-1jammy.20260907.231934
ros-humble-image-rotate	3.0.9-1jammy.20260907.230222
ros-humble-image-tools	0.20.10-1jammy.20260907.223602
ros-humble-image-transport	3.1.13-1jammy.20260907.224758
ros-humble-image-transport-plugins	2.5.5-1jammy.20260908.011646
ros-humble-image-view	3.0.9-1jammy.20260907.231601
ros-humble-interactive-markers	2.3.2-2jammy.20260907.230230
ros-humble-intra-process-demo	0.20.10-1jammy.20260907.233717
ros-humble-joint-state-publisher	2.4.0-1jammy.20260907.215925
ros-humble-joint-state-publisher-gui	2.4.0-1jammy.20260907.220733
ros-humble-joy	3.3.0-1jammy.20260907.223742
ros-humble-kdl-parser	2.6.4-1jammy.20260907.200213
ros-humble-keyboard-handler	0.0.5-1jammy.20260304.202120
ros-humble-laser-geometry	2.4.1-1jammy.20260908.001823
ros-humble-launch	1.0.15-1jammy.20260907.191132
ros-humble-launch-ros	0.19.14-1jammy.20260907.214826
ros-humble-launch-testing	1.0.15-1jammy.20260907.191810
ros-humble-launch-testing-ament-cmake	1.0.15-1jammy.20260907.192422
ros-humble-launch-testing-ros	0.19.14-1jammy.20260907.215211
ros-humble-launch-xml	1.0.15-1jammy.20260907.191524
ros-humble-launch-yaml	1.0.15-1jammy.20260907.191506
ros-humble-libcurl-vendor	3.1.3-1jammy.20260304.090502
ros-humble-libstatistics-collector	1.3.4-1jammy.20260907.212934
ros-humble-libyaml-vendor	1.2.2-2jammy.20260907.194336
ros-humble-lifecycle	0.20.10-1jammy.20260907.223751
ros-humble-lifecycle-msgs	1.2.3-1jammy.20260907.204700
ros-humble-logging-demo	0.20.10-1jammy.20260907.223550
ros-humble-map-msgs	2.1.0-3jammy.20260907.213051
ros-humble-mcap-vendor	0.15.17-1jammy.20260908.084150
ros-humble-message-filters	4.3.20-1jammy.20260907.223809
ros-humble-nav-2d-msgs	1.1.20-1jammy.20260907.212326
ros-humble-nav-2d-utils	1.1.20-1jammy.20260908.000907
ros-humble-nav-msgs	4.9.2-1jammy.20260907.211410
ros-humble-nav2-amcl	1.1.20-1jammy.20260908.000809
ros-humble-nav2-behavior-tree	1.1.20-1jammy.20260908.004120
ros-humble-nav2-behaviors	1.1.20-1jammy.20260908.011930
ros-humble-nav2-bringup	1.1.20-1jammy.20260908.021125
ros-humble-nav2-bt-navigator	1.1.20-1jammy.20260908.011944
ros-humble-nav2-collision-monitor	1.1.20-1jammy.20260908.010715
ros-humble-nav2-common	1.1.20-1jammy.20260907.215155
ros-humble-nav2-constrained-smoother	1.1.20-1jammy.20260908.005501
ros-humble-nav2-controller	1.1.20-1jammy.20260908.005456
ros-humble-nav2-core	1.1.20-1jammy.20260908.004903
ros-humble-nav2-costmap-2d	1.1.20-1jammy.20260908.002855
ros-humble-nav2-dwb-controller	1.1.20-1jammy.20260908.012626
ros-humble-nav2-lifecycle-manager	1.1.20-1jammy.20260908.000824
ros-humble-nav2-map-server	1.1.20-1jammy.20260908.000810
ros-humble-nav2-mppi-controller	1.1.20-1jammy.20260908.012051
ros-humble-nav2-msgs	1.1.20-1jammy.20260907.223327
ros-humble-nav2-navfn-planner	1.1.20-1jammy.20260908.005505
ros-humble-nav2-planner	1.1.20-1jammy.20260908.005526
ros-humble-nav2-regulated-pure-pursuit-controller	1.1.20-1jammy.20260908.005527
ros-humble-nav2-rotation-shim-controller	1.1.20-1jammy.20260908.010304
ros-humble-nav2-route	1.1.20-1jammy.20260908.005219
ros-humble-nav2-rviz-plugins	1.1.20-1jammy.20260908.014610
ros-humble-nav2-simple-commander	1.1.20-1jammy.20260907.224519
ros-humble-nav2-smac-planner	1.1.20-1jammy.20260908.005553
ros-humble-nav2-smoother	1.1.20-1jammy.20260908.005556
ros-humble-nav2-theta-star-planner	1.1.20-1jammy.20260908.005548
ros-humble-nav2-util	1.1.20-1jammy.20260907.235813
ros-humble-nav2-velocity-smoother	1.1.20-1jammy.20260908.000910
ros-humble-nav2-voxel-grid	1.1.20-1jammy.20260908.002526
ros-humble-nav2-waypoint-follower	1.1.20-1jammy.20260908.005557
ros-humble-navigation2	1.1.20-1jammy.20260908.015443
ros-humble-ompl	1.7.0-4jammy.20260226.011457
ros-humble-orocos-kdl-vendor	0.2.5-1jammy.20260304.201339
ros-humble-osrf-pycommon	2.1.6-1jammy.20260226.011505
ros-humble-pcl-conversions	2.4.5-2jammy.20260907.233725
ros-humble-pcl-msgs	1.0.0-7jammy.20260907.213205
ros-humble-pcl-ros	2.4.5-2jammy.20260908.000723
ros-humble-pendulum-control	0.20.10-1jammy.20260907.223222
ros-humble-pendulum-msgs	0.20.10-1jammy.20260907.204901
ros-humble-pluginlib	5.1.5-1jammy.20260907.195439
ros-humble-pybind11-vendor	2.4.2-1jammy.20260304.195023
ros-humble-python-cmake-module	0.10.0-2jammy.20260304.202554
ros-humble-python-orocos-kdl-vendor	0.2.5-1jammy.20260304.202632
ros-humble-python-qt-binding	1.1.3-1jammy.20260304.202555
ros-humble-qt-dotgraph	2.2.5-1jammy.20260330.190918
ros-humble-qt-gui	2.2.5-1jammy.20260330.190956
ros-humble-qt-gui-cpp	2.2.5-1jammy.20260907.200410
ros-humble-qt-gui-py-common	2.2.5-1jammy.20260330.190941
ros-humble-quality-of-service-demo-cpp	0.20.10-1jammy.20260907.223616
ros-humble-quality-of-service-demo-py	0.20.10-1jammy.20260907.215008
ros-humble-rcl	5.3.13-1jammy.20260907.211637
ros-humble-rcl-action	5.3.13-1jammy.20260907.212858
ros-humble-rcl-interfaces	1.2.3-1jammy.20260907.204906
ros-humble-rcl-lifecycle	5.3.13-1jammy.20260907.212931
ros-humble-rcl-logging-interface	2.3.2-1jammy.20260907.194806
ros-humble-rcl-logging-spdlog	2.3.2-1jammy.20260907.195605
ros-humble-rcl-yaml-param-parser	5.3.13-1jammy.20260907.195746
ros-humble-rclcpp	16.0.21-1jammy.20260907.213403
ros-humble-rclcpp-action	16.0.21-1jammy.20260907.223015
ros-humble-rclcpp-components	16.0.21-1jammy.20260907.223024
ros-humble-rclcpp-lifecycle	16.0.21-1jammy.20260907.223044
ros-humble-rclpy	3.3.22-1jammy.20260907.213431
ros-humble-rcpputils	2.4.7-1jammy.20260907.193454
ros-humble-rcutils	5.1.10-1jammy.20260907.192648
ros-humble-resource-retriever	3.1.3-1jammy.20260907.192241
ros-humble-rmw	6.1.4-1jammy.20260907.194822
ros-humble-rmw-cyclonedds-cpp	1.3.5-1jammy.20260907.205235
ros-humble-rmw-dds-common	1.6.0-2jammy.20260907.204727
ros-humble-rmw-fastrtps-cpp	6.2.10-1jammy.20260907.210327
ros-humble-rmw-fastrtps-shared-cpp	6.2.10-1jammy.20260907.205244
ros-humble-rmw-implementation	2.8.5-1jammy.20260907.211224
ros-humble-rmw-implementation-cmake	6.1.4-1jammy.20260907.191123
ros-humble-robot-state-publisher	3.0.3-2jammy.20260907.225951
ros-humble-ros-base	0.10.0-1jammy.20260908.101203
ros-humble-ros-core	0.10.0-1jammy.20260908.005124
ros-humble-ros-environment	3.2.2-1jammy.20260226.005101
ros-humble-ros-workspace	1.0.2-2jammy.20260224.185744
ros-humble-ros2action	0.18.20-1jammy.20260907.215508
ros-humble-ros2bag	0.15.17-1jammy.20260908.095407
ros-humble-ros2cli	0.18.20-1jammy.20260907.215122
ros-humble-ros2cli-common-extensions	0.1.2-1jammy.20260908.004901
ros-humble-ros2component	0.18.20-1jammy.20260907.225314
ros-humble-ros2doctor	0.18.20-1jammy.20260907.215514
ros-humble-ros2interface	0.18.20-1jammy.20260907.215522
ros-humble-ros2launch	0.19.14-1jammy.20260907.215912
ros-humble-ros2lifecycle	0.18.20-1jammy.20260908.004506
ros-humble-ros2multicast	0.18.20-1jammy.20260907.222320
ros-humble-ros2node	0.18.20-1jammy.20260907.215522
ros-humble-ros2param	0.18.20-1jammy.20260907.220408
ros-humble-ros2pkg	0.18.20-1jammy.20260907.215532
ros-humble-ros2plugin	5.1.5-1jammy.20260907.220809
ros-humble-ros2run	0.18.20-1jammy.20260907.222251
ros-humble-ros2service	0.18.20-1jammy.20260907.215538
ros-humble-ros2topic	0.18.20-1jammy.20260907.215610
ros-humble-rosbag2	0.15.17-1jammy.20260908.100944
ros-humble-rosbag2-compression	0.15.17-1jammy.20260908.091001
ros-humble-rosbag2-compression-zstd	0.15.17-1jammy.20260908.091226
ros-humble-rosbag2-cpp	0.15.17-1jammy.20260908.090019
ros-humble-rosbag2-interfaces	0.15.17-1jammy.20260908.083559
ros-humble-rosbag2-py	0.15.17-1jammy.20260908.094814
ros-humble-rosbag2-storage	0.15.17-1jammy.20260908.083948
ros-humble-rosbag2-storage-default-plugins	0.15.17-1jammy.20260908.084722
ros-humble-rosbag2-storage-mcap	0.15.17-1jammy.20260908.085225
ros-humble-rosbag2-transport	0.15.17-1jammy.20260908.093213
ros-humble-rosgraph-msgs	1.2.3-1jammy.20260907.205335
ros-humble-rosidl-adapter	3.1.9-1jammy.20260605.103907
ros-humble-rosidl-cli	3.1.9-1jammy.20260605.103654
ros-humble-rosidl-cmake	3.1.9-1jammy.20260605.104545
ros-humble-rosidl-default-generators	1.2.1-1jammy.20260907.201146
ros-humble-rosidl-default-runtime	1.2.1-1jammy.20260907.201130
ros-humble-rosidl-generator-c	3.1.9-1jammy.20260907.194807
ros-humble-rosidl-generator-cpp	3.1.9-1jammy.20260907.195420
ros-humble-rosidl-generator-dds-idl	0.8.1-2jammy.20260605.104953
ros-humble-rosidl-generator-py	0.14.6-1jammy.20260907.200655
ros-humble-rosidl-generator-rs	0.5.0-1jammy.20260907.195915
ros-humble-rosidl-parser	3.1.9-1jammy.20260605.104513
ros-humble-rosidl-runtime-c	3.1.9-1jammy.20260907.193450
ros-humble-rosidl-runtime-cpp	3.1.9-1jammy.20260907.194318
ros-humble-rosidl-runtime-py	0.9.3-1jammy.20260907.210804
ros-humble-rosidl-typesupport-c	2.0.2-1jammy.20260907.195356
ros-humble-rosidl-typesupport-cpp	2.0.2-1jammy.20260907.200013
ros-humble-rosidl-typesupport-fastrtps-c	2.2.4-1jammy.20260907.200330
ros-humble-rosidl-typesupport-fastrtps-cpp	2.2.4-1jammy.20260907.200016
ros-humble-rosidl-typesupport-interface	3.1.9-1jammy.20260605.103839
ros-humble-rosidl-typesupport-introspection-c	3.1.9-1jammy.20260907.194327
ros-humble-rosidl-typesupport-introspection-cpp	3.1.9-1jammy.20260907.195401
ros-humble-rpyutils	0.2.2-1jammy.20260304.195455
ros-humble-rqt-action	2.0.1-3jammy.20260908.004100
ros-humble-rqt-bag	1.1.6-1jammy.20260908.095212
ros-humble-rqt-bag-plugins	1.1.6-1jammy.20260908.101320
ros-humble-rqt-common-plugins	1.2.0-1jammy.20260908.101606
ros-humble-rqt-console	2.0.3-1jammy.20260908.003742
ros-humble-rqt-graph	1.3.2-1jammy.20260908.004058
ros-humble-rqt-gui	1.1.10-2jammy.20260907.220854
ros-humble-rqt-gui-cpp	1.1.10-2jammy.20260907.223131
ros-humble-rqt-gui-py	1.1.10-2jammy.20260908.003049
ros-humble-rqt-image-view	1.2.0-2jammy.20260907.230654
ros-humble-rqt-msg	1.2.1-1jammy.20260908.004012
ros-humble-rqt-plot	1.1.5-1jammy.20260908.003815
ros-humble-rqt-publisher	1.5.0-1jammy.20260908.003921
ros-humble-rqt-py-common	1.1.10-2jammy.20260907.214248
ros-humble-rqt-py-console	1.0.2-3jammy.20260908.003917
ros-humble-rqt-reconfigure	1.1.4-1jammy.20260908.004114
ros-humble-rqt-service-caller	1.0.5-3jammy.20260908.004003
ros-humble-rqt-shell	1.0.2-3jammy.20260908.004150
ros-humble-rqt-srv	1.0.3-3jammy.20260908.004141
ros-humble-rqt-topic	1.5.1-1jammy.20260908.003931
ros-humble-rttest	0.13.0-2jammy.20260304.202749
ros-humble-rviz-assimp-vendor	11.2.29-1jammy.20260907.175825
ros-humble-rviz-common	11.2.29-1jammy.20260907.230217
ros-humble-rviz-default-plugins	11.2.29-1jammy.20260908.002237
ros-humble-rviz-ogre-vendor	11.2.29-1jammy.20260907.175630
ros-humble-rviz-rendering	11.2.29-1jammy.20260907.193503
ros-humble-rviz2	11.2.29-1jammy.20260908.014614
ros-humble-sdl2-vendor	3.3.0-1jammy.20260304.195240
ros-humble-sensor-msgs	4.9.2-1jammy.20260907.212033
ros-humble-sensor-msgs-py	4.9.2-1jammy.20260907.220122
ros-humble-shape-msgs	4.9.2-1jammy.20260907.212354
ros-humble-shared-queues-vendor	0.15.17-1jammy.20260908.083401
ros-humble-slam-toolbox	2.6.10-1jammy.20260908.014627
ros-humble-smclib	4.1.4-1jammy.20260317.155122
ros-humble-spdlog-vendor	1.3.1-1jammy.20260304.202915
ros-humble-sqlite3-vendor	0.15.17-1jammy.20260908.083415
ros-humble-sros2	0.10.9-1jammy.20260907.220037
ros-humble-sros2-cmake	0.10.9-1jammy.20260907.222259
ros-humble-statistics-msgs	1.2.3-1jammy.20260907.205029
ros-humble-std-msgs	4.9.2-1jammy.20260907.205027
ros-humble-std-srvs	4.9.2-1jammy.20260907.204811
ros-humble-stereo-image-proc	3.0.9-1jammy.20260907.230625
ros-humble-stereo-msgs	4.9.2-1jammy.20260907.213233
ros-humble-tango-icons-vendor	0.1.1-3jammy.20260304.202920
ros-humble-teleop-twist-joy	2.4.8-1jammy.20260907.224340
ros-humble-teleop-twist-keyboard	2.4.1-1jammy.20260907.214851
ros-humble-tf2	0.25.23-1jammy.20260907.213559
ros-humble-tf2-bullet	0.25.23-1jammy.20260907.225805
ros-humble-tf2-eigen	0.25.23-1jammy.20260908.011649
ros-humble-tf2-eigen-kdl	0.25.23-1jammy.20260907.220723
ros-humble-tf2-geometry-msgs	0.25.23-1jammy.20260907.225741
ros-humble-tf2-kdl	0.25.23-1jammy.20260907.225815
ros-humble-tf2-msgs	0.25.23-1jammy.20260907.215317
ros-humble-tf2-py	0.25.23-1jammy.20260907.214657
ros-humble-tf2-ros	0.25.23-1jammy.20260907.224752
ros-humble-tf2-ros-py	0.25.23-1jammy.20260907.215705
ros-humble-tf2-sensor-msgs	0.25.23-1jammy.20260907.225802
ros-humble-tf2-tools	0.25.23-1jammy.20260907.220000
ros-humble-theora-image-transport	2.5.5-1jammy.20260907.230003
ros-humble-tinyxml-vendor	0.8.3-2jammy.20260304.195406
ros-humble-tinyxml2-vendor	0.7.7-1jammy.20260304.195411
ros-humble-tlsf	0.7.0-2jammy.20260304.202930
ros-humble-tlsf-cpp	0.13.0-2jammy.20260907.222721
ros-humble-topic-monitor	0.20.10-1jammy.20260907.222300
ros-humble-tracetools	4.1.2-1jammy.20260907.192206
ros-humble-tracetools-image-pipeline	3.0.9-1jammy.20260907.192220
ros-humble-trajectory-msgs	4.9.2-1jammy.20260907.212425
ros-humble-turtlesim	1.4.3-1jammy.20260907.224408
ros-humble-uncrustify-vendor	2.0.2-2jammy.20260304.195304
ros-humble-unique-identifier-msgs	2.2.1-3jammy.20260907.205031
ros-humble-urdf	2.6.1-1jammy.20260907.195837
ros-humble-urdf-parser-plugin	2.6.1-1jammy.20260907.191823
ros-humble-urdfdom	3.0.2-2jammy.20260304.202852
ros-humble-urdfdom-headers	1.0.6-2jammy.20260226.012553
ros-humble-visualization-msgs	4.9.2-1jammy.20260907.213259
ros-humble-xacro	2.1.1-1jammy.20260304.195513
ros-humble-yaml-cpp-vendor	8.0.2-1jammy.20260304.195332
ros-humble-zstd-vendor	0.15.17-1jammy.20260908.083546
ros2-apt-source	1.3.0~jammy
rpcsvc-proto	1.4.2-0ubuntu6
rsync	3.2.7-0ubuntu0.22.04.7
rsyslog	8.2112.0-2ubuntu2.5
run-one	1.17-0ubuntu1
screen	4.9.0-1ubuntu0.1
sed	4.8-1ubuntu2.1
sensible-utils	0.0.17
session-migration	0.3.6
sgml-base	1.30
shared-mime-info	2.1-2
shiboken2	5.15.2-2build2
show-motd	3.10
sip-dev	4.19.25+dfsg-3build1
snapd	2.76.3+ubuntu22.04
software-properties-common	0.99.22.9
squashfs-tools	1:4.5-3build1
strace	5.16-0ubuntu3
sudo	1.9.9-1ubuntu2.6
systemd	249.11-0ubuntu3.22
systemd-hwe-hwdb	249.11.6
systemd-sysv	249.11-0ubuntu3.22
systemd-timesyncd	249.11-0ubuntu3.22
sysvinit-utils	3.01-1ubuntu1
tango-icon-theme	0.8.90-8
tar	1.34+dfsg-1ubuntu0.1.22.04.6
tcl	8.6.11+1build2
tcl-dev:amd64	8.6.11+1build2
tcl8.6	8.6.12+dfsg-1build1
tcl8.6-dev:amd64	8.6.12+dfsg-1build1
tcpdump	4.99.1-3ubuntu0.2
telnet	0.17-44build1
time	1.9-0.1build2
tk	8.6.11+1build2
tk-dev:amd64	8.6.11+1build2
tk8.6	8.6.12-1build1
tk8.6-blt2.5	2.5.3+dfsg-4.1build2
tk8.6-dev:amd64	8.6.12-1build1
tmux	3.2a-4ubuntu0.2
tnftp	20210827-4build1
tzdata	2026c-0ubuntu0.22.04.1
ubuntu-advantage-tools	37.2ubuntu~22.04.1
ubuntu-keyring	2021.03.26
ubuntu-minimal	1.481.5
ubuntu-mono	20.10-0ubuntu2
ubuntu-pro-client	37.2ubuntu~22.04.1
ubuntu-pro-client-l10n	37.2ubuntu~22.04.1
ubuntu-release-upgrader-core	1:22.04.21
ubuntu-standard	1.481.5
ubuntu-wsl	1.481.5
ucf	3.0043
udev	249.11-0ubuntu3.22
ufw	0.36.1-4ubuntu0.1
unattended-upgrades	2.8ubuntu1
uncrustify	0.72.0+dfsg1-2
unicode-data	14.0.0-1.1
unixodbc-common	2.3.9-5ubuntu0.1
unixodbc-dev:amd64	2.3.9-5ubuntu0.1
unzip	6.0-26ubuntu3.2
update-manager-core	1:22.04.22
update-motd	3.10
usb.ids	2022.04.02-1
usbutils	1:014-1build1
usrmerge	25ubuntu2
util-linux	2.37.2-4ubuntu3.6
uuid-dev:amd64	2.37.2-4ubuntu3.6
uuid-runtime	2.37.2-4ubuntu3.6
vim	2:8.2.3995-1ubuntu2.36
vim-common	2:8.2.3995-1ubuntu2.36
vim-runtime	2:8.2.3995-1ubuntu2.36
vim-tiny	2:8.2.3995-1ubuntu2.36
vtk9	9.1.0+really9.1.0+dfsg2-3build1
wget	1.21.2-2ubuntu1.5
whiptail	0.52.21-5ubuntu2
wsl-pro-service	0.1.18~22.04.2
wsl-setup	0.5.8~22.04.1
x11-common	1:7.7+23ubuntu2
x11-utils	7.7+5build2
x11-xkb-utils	7.7+5build4
x11proto-dev	2021.5-1
xauth	1:1.1-1build2
xdg-user-dirs	0.17-2ubuntu4
xkb-data	2.33-1
xml-core	0.18+nmu1
xorg-sgml-doctools	1:1.11-1.1
xserver-common	2:21.1.4-2ubuntu1.7~22.04.16
xtl-dev	0.7.2-2
xtrans-dev	1.4.0-1
xvfb	2:21.1.4-2ubuntu1.7~22.04.16
xxd	2:8.2.3995-1ubuntu2.36
xz-utils	5.2.5-2ubuntu1.1
zip	3.0-12build2
zlib1g:amd64	1:1.2.11.dfsg-2ubuntu9.2
zlib1g-dev:amd64	1:1.2.11.dfsg-2ubuntu9.2
